SampleID,site,block,paddock,plot,slope,rainfall_reduction,grazing_treatment,year,type,faith_pd
GMDR-FK-2018-4,FK,1,1,4,4,0,stable,2018,bacteria,3.912.908.739
GMDR-TB-2018-45,TB,3,2,45,2,50,heavy,2018,bacteria,3.298.556.468
GMDR-TB-2018-8,TB,1,3,8,1,75,destock,2018,bacteria,3.332.257.877
GMDR-TB-2018-31,TB,2,3,31,4,99,destock,2018,bacteria,3.806.342.641
GMDR-TB-2018-23,TB,2,2,23,6,0,heavy,2018,bacteria,4.135.953.774
GMDR-FK-2018-2,FK,1,1,2,4,99,stable,2018,bacteria,3.913.625.786
GMDR-FK-2018-13,FK,1,3,13,3,50,destock,2018,bacteria,4.339.569.466
GMDR-TB-2018-44,TB,3,2,44,1,25,heavy,2018,bacteria,3.756.680.567
GMDR-FK-2018-53,FK,3,3,53,1,0,heavy,2018,bacteria,3.824.880.797
GMDR-TB-2018-17,TB,1,1,17,4,0,stable,2018,bacteria,4.110.560.301
GMDR-TB-2018-27,TB,2,1,27,2,50,stable,2018,bacteria,3.839.088.815
GMDR-TB-2018-18,TB,1,1,18,4,99,stable,2018,bacteria,4.043.335.796
GMDR-FK-2018-51,FK,3,3,51,2,99,heavy,2018,bacteria,3.819.258.284
GMDR-FK-2018-17,FK,1,3,17,3,0,destock,2018,bacteria,400.936.388
GMDR-FK-2018-42,FK,3,1,42,4,50,destock,2018,bacteria,4.287.060.387
GMDR-FK-2018-7,FK,1,2,7,1,0,heavy,2018,bacteria,4.047.483.321
GMDR-FK-2018-21,FK,2,1,21,1,99,destock,2018,bacteria,4.365.775.764
GMDR-TB-2018-13,TB,1,1,13,3,50,stable,2018,bacteria,4.135.907.938
GMDR-FK-2018-54,FK,3,3,54,1,75,heavy,2018,bacteria,4.144.144.362
GMDR-TB-2018-3,TB,1,2,3,1,0,heavy,2018,bacteria,3.817.799.357
GMDR-FK-2018-25,FK,2,2,25,3,0,stable,2018,bacteria,3.885.688.874
GMDR-FK-2018-29,FK,2,2,29,3,0,stable,2018,bacteria,3.965.708.632
GMDR-TB-2018-22,TB,2,2,22,5,75,heavy,2018,bacteria,364.067.287
GMDR-TB-2018-26,TB,2,1,26,1,75,stable,2018,bacteria,3.925.423.959
GMDR-FK-2018-48,FK,3,2,48,4,0,stable,2018,bacteria,4.017.062.809
GMDR-FK-2018-5,FK,1,1,5,3,50,stable,2018,bacteria,406.747.419
GMDR-TB-2018-40,TB,3,3,40,2,99,destock,2018,bacteria,3.742.056.258
GMDR-TB-2018-37,TB,3,3,37,1,75,destock,2018,bacteria,3.820.851.855
GMDR-FK-2018-9,FK,1,2,9,1,0,heavy,2018,bacteria,4.130.055.874
GMDR-TB-2018-5,TB,1,2,5,2,50,heavy,2018,bacteria,3.917.169.717
GMDR-FK-2018-32,FK,2,3,32,2,25,heavy,2018,bacteria,4.337.143.498
GMDR-FK-2018-26,FK,2,2,26,4,75,stable,2018,bacteria,3.682.123.788
GMDR-TB-2018-33,TB,2,3,33,5,75,destock,2018,bacteria,3.764.682.628
GMDR-FK-2018-11,FK,1,2,11,1,50,heavy,2018,bacteria,3.813.995.774
GMDR-TB-2018-39,TB,3,3,39,2,0,destock,2018,bacteria,3.829.763.693
GMDR-TB-2018-16,TB,1,1,16,4,25,stable,2018,bacteria,3.959.960.063
GMDR-TB-2018-15,TB,1,1,15,3,0,stable,2018,bacteria,3.594.553.264
GMDR-FK-2018-16,FK,1,3,16,4,25,destock,2018,bacteria,38.586.287
GMDR-TB-2018-48,TB,3,2,48,3,0,heavy,2018,bacteria,3.809.663.057
GMDR-FK-2018-14,FK,1,3,14,4,75,destock,2018,bacteria,3.733.132.657
GMDR-FK-2018-50,FK,3,3,50,3,25,heavy,2018,bacteria,407.919.652
GMDR-FK-2018-38,FK,3,1,38,6,25,destock,2018,bacteria,3.840.822.599
GMDR-TB-2018-41,TB,3,3,41,3,0,destock,2018,bacteria,326.403.111
GMDR-FK-2018-23,FK,2,1,23,1,0,destock,2018,bacteria,3.789.509.931
GMDR-TB-2018-35,TB,2,3,35,6,50,destock,2018,bacteria,3.678.815.254
GMDR-TB-2018-28,TB,2,1,28,2,99,stable,2018,bacteria,3.740.093.541
GMDR-TB-2018-46,TB,3,2,46,2,75,heavy,2018,bacteria,3.906.985.884
GMDR-TB-2018-4,TB,1,2,4,2,0,heavy,2018,bacteria,4.032.281.457
GMDR-TB-2018-49,TB,3,1,49,4,50,stable,2018,bacteria,3.693.902.109
GMDR-FK-2018-36,FK,2,3,36,2,0,heavy,2018,bacteria,4.034.129.566
GMDR-FK-2018-22,FK,2,1,22,2,75,destock,2018,bacteria,3.743.201.322
GMDR-TB-2018-52,TB,3,1,52,5,0,stable,2018,bacteria,3.824.962.154
GMDR-FK-2018-10,FK,1,2,10,2,99,heavy,2018,bacteria,3.977.555.742
GMDR-FK-2018-15,FK,1,3,15,3,0,destock,2018,bacteria,3.693.500.993
GMDR-FK-2018-40,FK,3,1,40,5,99,destock,2018,bacteria,3.840.039.161
GMDR-FK-2018-52,FK,3,3,52,2,0,heavy,2018,bacteria,3.884.513.823
GMDR-TB-2018-24,TB,2,2,24,6,25,heavy,2018,bacteria,4.093.289.779
GMDR-TB-2018-38,TB,3,3,38,1,25,destock,2018,bacteria,3.922.671.616
GMDR-FK-2018-28,FK,2,2,28,4,99,stable,2018,bacteria,3.990.755.285
GMDR-TB-2018-53,TB,3,1,53,6,0,stable,2018,bacteria,3.985.069.857
GMDR-FK-2018-46,FK,3,2,46,5,75,stable,2018,bacteria,4.161.817.071
GMDR-FK-2018-18,FK,1,3,18,4,99,destock,2018,bacteria,4.114.731.766
GMDR-TB-2018-50,TB,3,1,50,4,25,stable,2018,bacteria,3.700.985.559
GMDR-FK-2018-34,FK,2,3,34,2,0,heavy,2018,bacteria,4.367.919.394
GMDR-FK-2018-45,FK,3,2,45,5,50,stable,2018,bacteria,4.168.159.744
GMDR-FK-2018-37,FK,3,1,37,6,75,destock,2018,bacteria,4.195.788.181
GMDR-TB-2018-6,TB,1,2,6,2,25,heavy,2018,bacteria,3.968.432.806
GMDR-FK-2018-41,FK,3,1,41,4,0,destock,2018,bacteria,3.734.051.835
GMDR-TB-2018-14,TB,1,1,14,3,75,stable,2018,bacteria,413.070.078
GMDR-FK-2018-33,FK,2,3,33,1,75,heavy,2018,bacteria,4.019.631.157
GMDR-TB-2018-19,TB,2,2,19,4,50,heavy,2018,bacteria,4.087.816.826
GMDR-TB-2018-12,TB,1,3,12,2,25,destock,2018,bacteria,4.282.217.531
GMDR-FK-2018-49,FK,3,3,49,3,50,heavy,2018,bacteria,4.223.363.699
GMDR-TB-2018-42,TB,3,3,42,3,50,destock,2018,bacteria,3.569.625.381
GMDR-TB-2018-10,TB,1,3,10,2,99,destock,2018,bacteria,4.264.196.674
GMDR-FK-2018-6,FK,1,1,6,4,25,stable,2018,bacteria,420.012.097
GMDR-TB-2018-25,TB,2,1,25,1,0,stable,2018,bacteria,3.989.974.922
GMDR-FK-2018-19,FK,2,1,19,1,50,destock,2018,bacteria,4.102.087.386
GMDR-FK-2018-39,FK,3,1,39,5,0,destock,2018,bacteria,3.691.132.567
GMDR-TB-2018-51,TB,3,1,51,5,99,stable,2018,bacteria,3.638.831.713
GMDR-TB-2018-20,TB,2,2,20,4,0,heavy,2018,bacteria,3.875.567.687
GMDR-FK-2018-43,FK,3,2,43,6,0,stable,2018,bacteria,4.139.820.647
GMDR-TB-2018-36,TB,2,3,36,6,0,destock,2018,bacteria,3.706.478.156
GMDR-TB-2018-30,TB,2,1,30,3,25,stable,2018,bacteria,4.089.775.306
GMDR-TB-2018-21,TB,2,2,21,5,99,heavy,2018,bacteria,4.180.215.166
GMDR-FK-2018-24,FK,2,1,24,2,25,destock,2018,bacteria,4.003.808.054
GMDR-FK-2018-12,FK,1,2,12,2,25,heavy,2018,bacteria,4.003.229.405
GMDR-FK-2018-20,FK,2,1,20,2,0,destock,2018,bacteria,4.123.522.896
GMDR-FK-2018-30,FK,2,2,30,4,25,stable,2018,bacteria,4.024.736.923
GMDR-TB-2018-1,TB,1,2,1,1,75,heavy,2018,bacteria,331.250.861
GMDR-TB-2018-11,TB,1,3,11,2,50,destock,2018,bacteria,4.081.229.856
GMDR-FK-2018-35,FK,2,3,35,1,50,heavy,2018,bacteria,4.169.831.766
GMDR-TB-2018-34,TB,2,3,34,5,0,destock,2018,bacteria,4.019.344.356
GMDR-FK-2018-31,FK,2,3,31,1,99,heavy,2018,bacteria,4.059.570.761
GMDR-TB-2018-32,TB,2,3,32,4,25,destock,2018,bacteria,3.713.818.954
GMDR-FK-2018-47,FK,3,2,47,4,99,stable,2018,bacteria,400.899.415
GMDR-FK-2018-8,FK,1,2,8,2,75,heavy,2018,bacteria,4.166.814.682
GMDR-TB-2018-2,TB,1,2,2,1,99,heavy,2018,bacteria,4.025.319.986
GMDR-TB-2018-7,TB,1,3,7,1,0,destock,2018,bacteria,3.937.479.147
GMDR-FK-2018-44,FK,3,2,44,6,25,stable,2018,bacteria,4.157.791.514
GMDR-FK-2018-1,FK,1,1,1,3,75,stable,2018,bacteria,4.233.092.609
GMDR-TB-2018-54,TB,3,1,54,6,75,stable,2018,fungi,3.413.796.894
GMDR-FK-2018-4,FK,1,1,4,4,0,stable,2018,fungi,3.589.711.438
GMDR-TB-2018-45,TB,3,2,45,2,50,heavy,2018,fungi,2.528.810.035
GMDR-TB-2018-8,TB,1,3,8,1,75,destock,2018,fungi,4.199.201.113
GMDR-TB-2018-31,TB,2,3,31,4,99,destock,2018,fungi,3.692.383.354
GMDR-TB-2018-23,TB,2,2,23,6,0,heavy,2018,fungi,4.496.966.877
GMDR-FK-2018-2,FK,1,1,2,4,99,stable,2018,fungi,3.963.376.728
GMDR-FK-2018-13,FK,1,3,13,3,50,destock,2018,fungi,4.877.519.643
GMDR-TB-2018-44,TB,3,2,44,1,25,heavy,2018,fungi,4.121.717.354
GMDR-FK-2018-53,FK,3,3,53,1,0,heavy,2018,fungi,4.381.811.715
GMDR-TB-2018-17,TB,1,1,17,4,0,stable,2018,fungi,4.224.564.025
GMDR-TB-2018-27,TB,2,1,27,2,50,stable,2018,fungi,4.371.726.108
GMDR-TB-2018-18,TB,1,1,18,4,99,stable,2018,fungi,5.753.266.064
GMDR-FK-2018-51,FK,3,3,51,2,99,heavy,2018,fungi,4.063.850.063
GMDR-FK-2018-17,FK,1,3,17,3,0,destock,2018,fungi,3.440.744.482
GMDR-FK-2018-42,FK,3,1,42,4,50,destock,2018,fungi,3.502.673.112
GMDR-FK-2018-7,FK,1,2,7,1,0,heavy,2018,fungi,43.721.759
GMDR-FK-2018-21,FK,2,1,21,1,99,destock,2018,fungi,4.319.171.747
GMDR-TB-2018-13,TB,1,1,13,3,50,stable,2018,fungi,5.319.504.684
GMDR-FK-2018-54,FK,3,3,54,1,75,heavy,2018,fungi,3.437.885.592
GMDR-TB-2018-3,TB,1,2,3,1,0,heavy,2018,fungi,3.881.558.952
GMDR-FK-2018-25,FK,2,2,25,3,0,stable,2018,fungi,4.905.798.163
GMDR-FK-2018-29,FK,2,2,29,3,0,stable,2018,fungi,3.769.489.045
GMDR-TB-2018-22,TB,2,2,22,5,75,heavy,2018,fungi,3.114.140.145
GMDR-TB-2018-26,TB,2,1,26,1,75,stable,2018,fungi,3.962.923.672
GMDR-FK-2018-48,FK,3,2,48,4,0,stable,2018,fungi,3.970.217.878
GMDR-FK-2018-5,FK,1,1,5,3,50,stable,2018,fungi,4.428.210.349
GMDR-TB-2018-40,TB,3,3,40,2,99,destock,2018,fungi,4.578.956.335
GMDR-TB-2018-37,TB,3,3,37,1,75,destock,2018,fungi,4.227.072.334
GMDR-FK-2018-9,FK,1,2,9,1,0,heavy,2018,fungi,4.639.961.788
GMDR-TB-2018-5,TB,1,2,5,2,50,heavy,2018,fungi,3.997.297.267
GMDR-FK-2018-32,FK,2,3,32,2,25,heavy,2018,fungi,3.841.216.646
GMDR-FK-2018-26,FK,2,2,26,4,75,stable,2018,fungi,4.642.876.143
GMDR-TB-2018-33,TB,2,3,33,5,75,destock,2018,fungi,4.614.698.252
GMDR-FK-2018-11,FK,1,2,11,1,50,heavy,2018,fungi,4.867.590.456
GMDR-TB-2018-39,TB,3,3,39,2,0,destock,2018,fungi,4.296.983.561
GMDR-TB-2018-16,TB,1,1,16,4,25,stable,2018,fungi,4.910.932.502
GMDR-TB-2018-15,TB,1,1,15,3,0,stable,2018,fungi,4.812.058.328
GMDR-FK-2018-16,FK,1,3,16,4,25,destock,2018,fungi,4.682.464.048
GMDR-TB-2018-48,TB,3,2,48,3,0,heavy,2018,fungi,4.312.471.495
GMDR-FK-2018-14,FK,1,3,14,4,75,destock,2018,fungi,4.601.626.169
GMDR-FK-2018-50,FK,3,3,50,3,25,heavy,2018,fungi,4.043.238.755
GMDR-FK-2018-38,FK,3,1,38,6,25,destock,2018,fungi,4.017.885.118
GMDR-TB-2018-41,TB,3,3,41,3,0,destock,2018,fungi,1.920.714.952
GMDR-FK-2018-23,FK,2,1,23,1,0,destock,2018,fungi,5.153.961.792
GMDR-TB-2018-35,TB,2,3,35,6,50,destock,2018,fungi,3.950.062.148
GMDR-TB-2018-28,TB,2,1,28,2,99,stable,2018,fungi,401.408.137
GMDR-TB-2018-46,TB,3,2,46,2,75,heavy,2018,fungi,4.002.857.527
GMDR-TB-2018-4,TB,1,2,4,2,0,heavy,2018,fungi,4.945.625.636
GMDR-TB-2018-49,TB,3,1,49,4,50,stable,2018,fungi,3.506.743.209
GMDR-FK-2018-36,FK,2,3,36,2,0,heavy,2018,fungi,4.642.636.773
GMDR-FK-2018-22,FK,2,1,22,2,75,destock,2018,fungi,4.353.280.377
GMDR-TB-2018-52,TB,3,1,52,5,0,stable,2018,fungi,37.197.426
GMDR-FK-2018-10,FK,1,2,10,2,99,heavy,2018,fungi,4.432.034.142
GMDR-FK-2018-15,FK,1,3,15,3,0,destock,2018,fungi,375.136.272
GMDR-FK-2018-40,FK,3,1,40,5,99,destock,2018,fungi,3.961.345.728
GMDR-FK-2018-52,FK,3,3,52,2,0,heavy,2018,fungi,3.808.148.794
GMDR-TB-2018-24,TB,2,2,24,6,25,heavy,2018,fungi,499.140.988
GMDR-TB-2018-38,TB,3,3,38,1,25,destock,2018,fungi,3.756.125.913
GMDR-FK-2018-28,FK,2,2,28,4,99,stable,2018,fungi,3.291.490.788
GMDR-TB-2018-53,TB,3,1,53,6,0,stable,2018,fungi,3.981.268.628
GMDR-FK-2018-46,FK,3,2,46,5,75,stable,2018,fungi,3.741.104.725
GMDR-FK-2018-18,FK,1,3,18,4,99,destock,2018,fungi,3.807.786.373
GMDR-TB-2018-50,TB,3,1,50,4,25,stable,2018,fungi,3.330.419.323
GMDR-FK-2018-34,FK,2,3,34,2,0,heavy,2018,fungi,4.549.300.446
GMDR-FK-2018-45,FK,3,2,45,5,50,stable,2018,fungi,4.324.468.213
GMDR-FK-2018-37,FK,3,1,37,6,75,destock,2018,fungi,4.611.650.342
GMDR-TB-2018-6,TB,1,2,6,2,25,heavy,2018,fungi,4.721.663.954
GMDR-FK-2018-41,FK,3,1,41,4,0,destock,2018,fungi,4.298.962.605
GMDR-TB-2018-14,TB,1,1,14,3,75,stable,2018,fungi,4.296.860.607
GMDR-FK-2018-33,FK,2,3,33,1,75,heavy,2018,fungi,4.510.953.371
GMDR-TB-2018-19,TB,2,2,19,4,50,heavy,2018,fungi,4.027.510.502
GMDR-TB-2018-12,TB,1,3,12,2,25,destock,2018,fungi,5.199.107.945
GMDR-FK-2018-49,FK,3,3,49,3,50,heavy,2018,fungi,3.899.455.863
GMDR-TB-2018-42,TB,3,3,42,3,50,destock,2018,fungi,3.277.762.371
GMDR-TB-2018-10,TB,1,3,10,2,99,destock,2018,fungi,4.454.167.642
GMDR-FK-2018-6,FK,1,1,6,4,25,stable,2018,fungi,4.769.629.895
GMDR-TB-2018-25,TB,2,1,25,1,0,stable,2018,fungi,5.224.012.455
GMDR-FK-2018-19,FK,2,1,19,1,50,destock,2018,fungi,3.647.782.572
GMDR-FK-2018-39,FK,3,1,39,5,0,destock,2018,fungi,3.482.389.489
GMDR-TB-2018-51,TB,3,1,51,5,99,stable,2018,fungi,2.770.554.576
GMDR-TB-2018-20,TB,2,2,20,4,0,heavy,2018,fungi,3.702.105.498
GMDR-FK-2018-43,FK,3,2,43,6,0,stable,2018,fungi,4.253.844.859
GMDR-TB-2018-36,TB,2,3,36,6,0,destock,2018,fungi,4.295.381.966
GMDR-TB-2018-30,TB,2,1,30,3,25,stable,2018,fungi,4.700.050.335
GMDR-TB-2018-21,TB,2,2,21,5,99,heavy,2018,fungi,4.333.198.214
GMDR-FK-2018-24,FK,2,1,24,2,25,destock,2018,fungi,4.992.931.988
GMDR-FK-2018-12,FK,1,2,12,2,25,heavy,2018,fungi,418.477.593
GMDR-FK-2018-20,FK,2,1,20,2,0,destock,2018,fungi,4.759.731.981
GMDR-FK-2018-30,FK,2,2,30,4,25,stable,2018,fungi,4.534.069.494
GMDR-TB-2018-1,TB,1,2,1,1,75,heavy,2018,fungi,3.267.280.628
GMDR-TB-2018-11,TB,1,3,11,2,50,destock,2018,fungi,4.733.767.337
GMDR-FK-2018-35,FK,2,3,35,1,50,heavy,2018,fungi,3.825.004.529
GMDR-TB-2018-34,TB,2,3,34,5,0,destock,2018,fungi,3.598.965.692
GMDR-FK-2018-31,FK,2,3,31,1,99,heavy,2018,fungi,4.390.897.569
GMDR-TB-2018-32,TB,2,3,32,4,25,destock,2018,fungi,4.452.196.261
GMDR-FK-2018-47,FK,3,2,47,4,99,stable,2018,fungi,4.672.853.921
GMDR-FK-2018-8,FK,1,2,8,2,75,heavy,2018,fungi,4.953.856.596
GMDR-TB-2018-2,TB,1,2,2,1,99,heavy,2018,fungi,4.676.610.965
GMDR-TB-2018-7,TB,1,3,7,1,0,destock,2018,fungi,3.456.346.983
GMDR-FK-2018-44,FK,3,2,44,6,25,stable,2018,fungi,3.815.590.935
GMDR-FK-2018-1,FK,1,1,1,3,75,stable,2018,fungi,4.522.120.938
GMDR-FK-2019-19,FK,2,1,19,1,50,destock,2019,bacteria,4.128.925.189
GMDR-FK-2019-36,FK,2,3,36,2,0,heavy,2019,bacteria,4.095.538.346
GMDR-TB-2019-5,TB,1,2,5,2,50,heavy,2019,bacteria,4.053.550.649
GMDR-FK-2019-33,FK,2,3,33,1,75,heavy,2019,bacteria,3.990.227.967
GMDR-TB-2019-18,TB,1,1,18,4,99,stable,2019,bacteria,4.300.899.187
GMDR-TB-2019-16,TB,1,1,16,4,25,stable,2019,bacteria,4.074.626.561
GMDR-FK-2019-41,FK,3,1,41,4,0,destock,2019,bacteria,4.105.585.691
GMDR-FK-2019-48,FK,3,2,48,4,0,stable,2019,bacteria,3.906.235.302
GMDR-TB-2019-53,TB,3,1,53,6,0,stable,2019,bacteria,3.627.869.979
GMDR-TB-2019-46,TB,3,2,46,2,75,heavy,2019,bacteria,3.785.012.846
GMDR-FK-2019-2,FK,1,1,2,4,99,stable,2019,bacteria,3.835.297.759
GMDR-FK-2019-14,FK,1,3,14,4,75,destock,2019,bacteria,417.528.419
GMDR-TB-2019-21,TB,2,2,21,5,99,heavy,2019,bacteria,3.867.448.709
GMDR-FK-2019-50,FK,3,3,50,3,25,heavy,2019,bacteria,4.119.708.722
GMDR-TB-2019-25,TB,2,1,25,1,0,stable,2019,bacteria,4.206.792.939
GMDR-FK-2019-26,FK,2,2,26,4,75,stable,2019,bacteria,4.245.820.501
GMDR-TB-2019-9,TB,1,3,9,1,0,destock,2019,bacteria,4.147.084.523
GMDR-TB-2019-23,TB,2,2,23,6,0,heavy,2019,bacteria,4.022.231.077
GMDR-FK-2019-42,FK,3,1,42,4,50,destock,2019,bacteria,3.976.756.273
GMDR-FK-2019-13,FK,1,3,13,3,50,destock,2019,bacteria,4.238.368.902
GMDR-FK-2019-40,FK,3,1,40,5,99,destock,2019,bacteria,3.705.662.342
GMDR-TB-2019-41,TB,3,3,41,3,0,destock,2019,bacteria,3.888.834.311
GMDR-TB-2019-44,TB,3,2,44,1,25,heavy,2019,bacteria,3.975.060.398
GMDR-TB-2019-24,TB,2,2,24,6,25,heavy,2019,bacteria,4.103.867.319
GMDR-FK-2019-44,FK,3,2,44,6,25,stable,2019,bacteria,4.033.040.559
GMDR-FK-2019-25,FK,2,2,25,3,0,stable,2019,bacteria,429.165.473
GMDR-FK-2019-7,FK,1,2,7,1,0,heavy,2019,bacteria,4.116.108.533
GMDR-TB-2019-14,TB,1,1,14,3,75,stable,2019,bacteria,4.112.554.586
GMDR-FK-2019-28,FK,2,2,28,4,99,stable,2019,bacteria,4.090.343.047
GMDR-TB-2019-15,TB,1,1,15,3,0,stable,2019,bacteria,3.979.574.493
GMDR-FK-2019-20,FK,2,1,20,2,0,destock,2019,bacteria,3.747.439.121
GMDR-TB-2019-6,TB,1,2,6,2,25,heavy,2019,bacteria,4.199.575.071
GMDR-FK-2019-23,FK,2,1,23,1,0,destock,2019,bacteria,4.145.171.047
GMDR-FK-2019-52,FK,3,3,52,2,0,heavy,2019,bacteria,3.749.708.892
GMDR-TB-2019-20,TB,2,2,20,4,0,heavy,2019,bacteria,3.664.923.684
GMDR-FK-2019-17,FK,1,3,17,3,0,destock,2019,bacteria,3.728.767.754
GMDR-TB-2019-3,TB,1,2,3,1,0,heavy,2019,bacteria,4.000.776.439
GMDR-FK-2019-9,FK,1,2,9,1,0,heavy,2019,bacteria,4.131.397.822
GMDR-FK-2019-49,FK,3,3,49,3,50,heavy,2019,bacteria,4.302.579.051
GMDR-TB-2019-51,TB,3,1,51,5,99,stable,2019,bacteria,3.739.359.221
GMDR-TB-2019-34,TB,2,3,34,5,0,destock,2019,bacteria,410.609.431
GMDR-FK-2019-54,FK,3,3,54,1,75,heavy,2019,bacteria,3.920.630.877
GMDR-TB-2019-45,TB,3,2,45,2,50,heavy,2019,bacteria,3.692.452.405
GMDR-TB-2019-1,TB,1,2,1,1,75,heavy,2019,bacteria,3.477.190.301
GMDR-FK-2019-24,FK,2,1,24,2,25,destock,2019,bacteria,4.188.329.061
GMDR-FK-2019-10,FK,1,2,10,2,99,heavy,2019,bacteria,4.238.209.919
GMDR-TB-2019-54,TB,3,1,54,6,75,stable,2019,bacteria,3.839.893.466
GMDR-FK-2019-22,FK,2,1,22,2,75,destock,2019,bacteria,4.033.018.539
GMDR-TB-2019-17,TB,1,1,17,4,0,stable,2019,bacteria,4.229.333.391
GMDR-TB-2019-11,TB,1,3,11,2,50,destock,2019,bacteria,3.717.381.276
GMDR-FK-2019-5,FK,1,1,5,3,50,stable,2019,bacteria,4.449.384.842
GMDR-TB-2019-37,TB,3,3,37,1,75,destock,2019,bacteria,3.874.924.538
GMDR-FK-2019-11,FK,1,2,11,1,50,heavy,2019,bacteria,4.008.515.506
GMDR-TB-2019-38,TB,3,3,38,1,25,destock,2019,bacteria,4.475.205.589
GMDR-FK-2019-34,FK,2,3,34,2,0,heavy,2019,bacteria,4.017.463.744
GMDR-FK-2019-53,FK,3,3,53,1,0,heavy,2019,bacteria,4.193.012.694
GMDR-TB-2019-36,TB,2,3,36,6,0,destock,2019,bacteria,4.106.897.768
GMDR-TB-2019-8,TB,1,3,8,1,75,destock,2019,bacteria,3.864.423
GMDR-FK-2019-43,FK,3,2,43,6,0,stable,2019,bacteria,4.115.792.281
GMDR-FK-2019-35,FK,2,3,35,1,50,heavy,2019,bacteria,4.065.822.197
GMDR-FK-2019-29,FK,2,2,29,3,0,stable,2019,bacteria,3.910.877.351
GMDR-TB-2019-50,TB,3,1,50,4,25,stable,2019,bacteria,3.378.986.984
GMDR-FK-2019-27,FK,2,2,27,3,50,stable,2019,bacteria,4.092.256.629
GMDR-TB-2019-35,TB,2,3,35,6,50,destock,2019,bacteria,4.091.678.321
GMDR-TB-2019-7,TB,1,3,7,1,0,destock,2019,bacteria,4.268.661.737
GMDR-TB-2019-2,TB,1,2,2,1,99,heavy,2019,bacteria,4.510.260.302
GMDR-TB-2019-12,TB,1,3,12,2,25,destock,2019,bacteria,421.904.416
GMDR-FK-2019-32,FK,2,3,32,2,25,heavy,2019,bacteria,3.495.064.627
GMDR-FK-2019-37,FK,3,1,37,6,75,destock,2019,bacteria,3.618.671.963
GMDR-FK-2019-15,FK,1,3,15,3,0,destock,2019,bacteria,3.743.325.518
GMDR-FK-2019-46,FK,3,2,46,5,75,stable,2019,bacteria,4.057.610.666
GMDR-TB-2019-10,TB,1,3,10,2,99,destock,2019,bacteria,4.170.637.846
GMDR-TB-2019-49,TB,3,1,49,4,50,stable,2019,bacteria,4.051.600.811
GMDR-FK-2019-39,FK,3,1,39,5,0,destock,2019,bacteria,3.536.611.751
GMDR-TB-2019-43,TB,3,2,43,1,0,heavy,2019,bacteria,3.633.430.697
GMDR-FK-2019-47,FK,3,2,47,4,99,stable,2019,bacteria,4.135.226.801
GMDR-FK-2019-45,FK,3,2,45,5,50,stable,2019,bacteria,3.884.386.133
GMDR-TB-2019-28,TB,2,1,28,2,99,stable,2019,bacteria,3.902.929.532
GMDR-FK-2019-1,FK,1,1,1,3,75,stable,2019,bacteria,4.160.029.537
GMDR-TB-2019-32,TB,2,3,32,4,25,destock,2019,bacteria,4.036.219.113
GMDR-TB-2019-22,TB,2,2,22,5,75,heavy,2019,bacteria,3.723.476.404
GMDR-TB-2019-4,TB,1,2,4,2,0,heavy,2019,bacteria,409.348.528
GMDR-TB-2019-47,TB,3,2,47,3,99,heavy,2019,bacteria,3.584.503.514
GMDR-TB-2019-31,TB,2,3,31,4,99,destock,2019,bacteria,3.879.206.734
GMDR-TB-2019-30,TB,2,1,30,3,25,stable,2019,bacteria,3.960.406.308
GMDR-FK-2019-18,FK,1,3,18,4,99,destock,2019,bacteria,4.269.091.182
GMDR-FK-2019-4,FK,1,1,4,4,0,stable,2019,bacteria,3.800.394.682
GMDR-FK-2019-12,FK,1,2,12,2,25,heavy,2019,bacteria,4.040.746.929
GMDR-TB-2019-19,TB,2,2,19,4,50,heavy,2019,bacteria,4.378.874.393
GMDR-FK-2019-6,FK,1,1,6,4,25,stable,2019,bacteria,3.870.704.288
GMDR-TB-2019-26,TB,2,1,26,1,75,stable,2019,bacteria,3.893.714.175
GMDR-FK-2019-8,FK,1,2,8,2,75,heavy,2019,bacteria,3.730.416.632
GMDR-TB-2019-48,TB,3,2,48,3,0,heavy,2019,bacteria,3.627.324.188
GMDR-TB-2019-33,TB,2,3,33,5,75,destock,2019,bacteria,3.792.288.444
GMDR-TB-2019-52,TB,3,1,52,5,0,stable,2019,bacteria,3.434.210.742
GMDR-FK-2019-16,FK,1,3,16,4,25,destock,2019,bacteria,3.757.974.591
GMDR-TB-2019-27,TB,2,1,27,2,50,stable,2019,bacteria,3.968.875.382
GMDR-TB-2019-40,TB,3,3,40,2,99,destock,2019,bacteria,3.864.914.092
GMDR-TB-2019-39,TB,3,3,39,2,0,destock,2019,bacteria,3.762.269.013
GMDR-TB-2019-13,TB,1,1,13,3,50,stable,2019,bacteria,4.100.073.244
GMDR-TB-2019-29,TB,2,1,29,3,0,stable,2019,bacteria,3.695.459.418
GMDR-FK-2019-30,FK,2,2,30,4,25,stable,2019,bacteria,3.960.844.129
GMDR-FK-2019-31,FK,2,3,31,1,99,heavy,2019,bacteria,3.880.229.965
GMDR-FK-2019-38,FK,3,1,38,6,25,destock,2019,bacteria,3.719.771.302
GMDR-TB-2019-42,TB,3,3,42,3,50,destock,2019,bacteria,3.888.625.714
GMDR-FK-2019-51,FK,3,3,51,2,99,heavy,2019,bacteria,4.144.916.021
GMDR-FK-2019-19,FK,2,1,19,1,50,destock,2019,fungi,3.576.518.105
GMDR-FK-2019-36,FK,2,3,36,2,0,heavy,2019,fungi,4.286.989.242
GMDR-TB-2019-5,TB,1,2,5,2,50,heavy,2019,fungi,4.184.505.121
GMDR-FK-2019-33,FK,2,3,33,1,75,heavy,2019,fungi,4.469.625.726
GMDR-TB-2019-18,TB,1,1,18,4,99,stable,2019,fungi,5.659.119.159
GMDR-TB-2019-16,TB,1,1,16,4,25,stable,2019,fungi,4.832.582.595
GMDR-FK-2019-41,FK,3,1,41,4,0,destock,2019,fungi,3.706.125.101
GMDR-FK-2019-48,FK,3,2,48,4,0,stable,2019,fungi,4.606.899.439
GMDR-TB-2019-53,TB,3,1,53,6,0,stable,2019,fungi,258.506.135
GMDR-TB-2019-46,TB,3,2,46,2,75,heavy,2019,fungi,4.362.514.157
GMDR-FK-2019-2,FK,1,1,2,4,99,stable,2019,fungi,2.960.697.976
GMDR-FK-2019-14,FK,1,3,14,4,75,destock,2019,fungi,3.560.585.473
GMDR-TB-2019-21,TB,2,2,21,5,99,heavy,2019,fungi,4.260.110.202
GMDR-FK-2019-50,FK,3,3,50,3,25,heavy,2019,fungi,3.920.574.933
GMDR-TB-2019-25,TB,2,1,25,1,0,stable,2019,fungi,4.023.452.669
GMDR-FK-2019-26,FK,2,2,26,4,75,stable,2019,fungi,4.726.653.753
GMDR-TB-2019-9,TB,1,3,9,1,0,destock,2019,fungi,4.214.123.867
GMDR-TB-2019-23,TB,2,2,23,6,0,heavy,2019,fungi,4.909.231.715
GMDR-FK-2019-42,FK,3,1,42,4,50,destock,2019,fungi,3.435.501.172
GMDR-FK-2019-13,FK,1,3,13,3,50,destock,2019,fungi,3.722.102.691
GMDR-FK-2019-40,FK,3,1,40,5,99,destock,2019,fungi,4.384.745.606
GMDR-TB-2019-41,TB,3,3,41,3,0,destock,2019,fungi,427.418.046
GMDR-TB-2019-44,TB,3,2,44,1,25,heavy,2019,fungi,4.163.729.279
GMDR-TB-2019-24,TB,2,2,24,6,25,heavy,2019,fungi,480.906.544
GMDR-FK-2019-44,FK,3,2,44,6,25,stable,2019,fungi,4.056.104.022
GMDR-FK-2019-25,FK,2,2,25,3,0,stable,2019,fungi,3.632.734.174
GMDR-FK-2019-7,FK,1,2,7,1,0,heavy,2019,fungi,4.096.577.632
GMDR-TB-2019-14,TB,1,1,14,3,75,stable,2019,fungi,4.642.809.673
GMDR-FK-2019-28,FK,2,2,28,4,99,stable,2019,fungi,2.424.734.109
GMDR-TB-2019-15,TB,1,1,15,3,0,stable,2019,fungi,4.637.163.535
GMDR-FK-2019-20,FK,2,1,20,2,0,destock,2019,fungi,313.024.253
GMDR-TB-2019-6,TB,1,2,6,2,25,heavy,2019,fungi,4.407.093.287
GMDR-FK-2019-23,FK,2,1,23,1,0,destock,2019,fungi,4.457.473.497
GMDR-FK-2019-52,FK,3,3,52,2,0,heavy,2019,fungi,3.007.356.345
GMDR-TB-2019-20,TB,2,2,20,4,0,heavy,2019,fungi,4.714.799.426
GMDR-FK-2019-17,FK,1,3,17,3,0,destock,2019,fungi,4.418.718.504
GMDR-TB-2019-3,TB,1,2,3,1,0,heavy,2019,fungi,4.005.530.474
GMDR-FK-2019-9,FK,1,2,9,1,0,heavy,2019,fungi,4.174.943.225
GMDR-FK-2019-49,FK,3,3,49,3,50,heavy,2019,fungi,4.299.015.905
GMDR-TB-2019-51,TB,3,1,51,5,99,stable,2019,fungi,3.168.032.821
GMDR-TB-2019-34,TB,2,3,34,5,0,destock,2019,fungi,3.961.528.027
GMDR-FK-2019-54,FK,3,3,54,1,75,heavy,2019,fungi,4.215.647.751
GMDR-TB-2019-45,TB,3,2,45,2,50,heavy,2019,fungi,4.351.325.502
GMDR-TB-2019-1,TB,1,2,1,1,75,heavy,2019,fungi,2.067.510.487
GMDR-FK-2019-24,FK,2,1,24,2,25,destock,2019,fungi,3.283.725.238
GMDR-FK-2019-10,FK,1,2,10,2,99,heavy,2019,fungi,2.949.084.915
GMDR-TB-2019-54,TB,3,1,54,6,75,stable,2019,fungi,4.175.922.879
GMDR-FK-2019-22,FK,2,1,22,2,75,destock,2019,fungi,4.051.566.523
GMDR-TB-2019-17,TB,1,1,17,4,0,stable,2019,fungi,4.505.373.176
GMDR-TB-2019-11,TB,1,3,11,2,50,destock,2019,fungi,5.578.178.156
GMDR-FK-2019-5,FK,1,1,5,3,50,stable,2019,fungi,5.107.219.478
GMDR-TB-2019-37,TB,3,3,37,1,75,destock,2019,fungi,3.708.875.606
GMDR-FK-2019-11,FK,1,2,11,1,50,heavy,2019,fungi,3.654.706.051
GMDR-TB-2019-38,TB,3,3,38,1,25,destock,2019,fungi,4.317.431.572
GMDR-FK-2019-34,FK,2,3,34,2,0,heavy,2019,fungi,3.291.405.002
GMDR-FK-2019-53,FK,3,3,53,1,0,heavy,2019,fungi,4.627.785.931
GMDR-TB-2019-36,TB,2,3,36,6,0,destock,2019,fungi,5.029.085.445
GMDR-TB-2019-8,TB,1,3,8,1,75,destock,2019,fungi,4.904.785.215
GMDR-FK-2019-43,FK,3,2,43,6,0,stable,2019,fungi,3.598.177.733
GMDR-FK-2019-35,FK,2,3,35,1,50,heavy,2019,fungi,3.531.237.215
GMDR-FK-2019-29,FK,2,2,29,3,0,stable,2019,fungi,453.687.277
GMDR-TB-2019-50,TB,3,1,50,4,25,stable,2019,fungi,3.427.909.281
GMDR-FK-2019-27,FK,2,2,27,3,50,stable,2019,fungi,4.273.722.637
GMDR-TB-2019-35,TB,2,3,35,6,50,destock,2019,fungi,4.497.091.292
GMDR-TB-2019-7,TB,1,3,7,1,0,destock,2019,fungi,3.540.165.025
GMDR-TB-2019-2,TB,1,2,2,1,99,heavy,2019,fungi,4.520.767.648
GMDR-TB-2019-12,TB,1,3,12,2,25,destock,2019,fungi,3.601.469.053
GMDR-FK-2019-32,FK,2,3,32,2,25,heavy,2019,fungi,3.290.638.766
GMDR-FK-2019-37,FK,3,1,37,6,75,destock,2019,fungi,441.667.661
GMDR-FK-2019-15,FK,1,3,15,3,0,destock,2019,fungi,3.112.494.686
GMDR-FK-2019-46,FK,3,2,46,5,75,stable,2019,fungi,4.444.912.496
GMDR-TB-2019-10,TB,1,3,10,2,99,destock,2019,fungi,4.906.834.776
GMDR-TB-2019-49,TB,3,1,49,4,50,stable,2019,fungi,28.316.601
GMDR-FK-2019-39,FK,3,1,39,5,0,destock,2019,fungi,4.660.008.945
GMDR-TB-2019-43,TB,3,2,43,1,0,heavy,2019,fungi,3.379.196.001
GMDR-FK-2019-47,FK,3,2,47,4,99,stable,2019,fungi,4.464.840.584
GMDR-FK-2019-45,FK,3,2,45,5,50,stable,2019,fungi,358.138.752
GMDR-TB-2019-28,TB,2,1,28,2,99,stable,2019,fungi,4.105.408.335
GMDR-FK-2019-1,FK,1,1,1,3,75,stable,2019,fungi,420.619.307
GMDR-TB-2019-32,TB,2,3,32,4,25,destock,2019,fungi,3.710.558.385
GMDR-TB-2019-22,TB,2,2,22,5,75,heavy,2019,fungi,470.802.434
GMDR-TB-2019-4,TB,1,2,4,2,0,heavy,2019,fungi,4.787.318.537
GMDR-TB-2019-47,TB,3,2,47,3,99,heavy,2019,fungi,3.510.782.843
GMDR-TB-2019-31,TB,2,3,31,4,99,destock,2019,fungi,3.184.975.485
GMDR-TB-2019-30,TB,2,1,30,3,25,stable,2019,fungi,4.169.033.094
GMDR-FK-2019-18,FK,1,3,18,4,99,destock,2019,fungi,3.883.898.097
GMDR-FK-2019-4,FK,1,1,4,4,0,stable,2019,fungi,3.192.763.482
GMDR-FK-2019-12,FK,1,2,12,2,25,heavy,2019,fungi,5.035.039.918
GMDR-TB-2019-19,TB,2,2,19,4,50,heavy,2019,fungi,4.640.598.389
GMDR-FK-2019-6,FK,1,1,6,4,25,stable,2019,fungi,4.296.683.956
GMDR-TB-2019-26,TB,2,1,26,1,75,stable,2019,fungi,4.376.267.247
GMDR-FK-2019-8,FK,1,2,8,2,75,heavy,2019,fungi,3.809.218.578
GMDR-TB-2019-48,TB,3,2,48,3,0,heavy,2019,fungi,3.579.802.334
GMDR-TB-2019-33,TB,2,3,33,5,75,destock,2019,fungi,531.813.706
GMDR-TB-2019-52,TB,3,1,52,5,0,stable,2019,fungi,2.653.658.357
GMDR-FK-2019-16,FK,1,3,16,4,25,destock,2019,fungi,4.916.144.898
GMDR-TB-2019-27,TB,2,1,27,2,50,stable,2019,fungi,4.803.461.526
GMDR-TB-2019-40,TB,3,3,40,2,99,destock,2019,fungi,454.811.705
GMDR-TB-2019-39,TB,3,3,39,2,0,destock,2019,fungi,3.816.191.927
GMDR-TB-2019-13,TB,1,1,13,3,50,stable,2019,fungi,4.935.718.572
GMDR-TB-2019-29,TB,2,1,29,3,0,stable,2019,fungi,3.773.329.106
GMDR-FK-2019-30,FK,2,2,30,4,25,stable,2019,fungi,4.796.736.574
GMDR-FK-2019-31,FK,2,3,31,1,99,heavy,2019,fungi,4.653.790.225
GMDR-FK-2019-38,FK,3,1,38,6,25,destock,2019,fungi,2.563.340.227
GMDR-TB-2019-42,TB,3,3,42,3,50,destock,2019,fungi,3.557.616.655
GMDR-FK-2019-51,FK,3,3,51,2,99,heavy,2019,fungi,4.256.395.515
GMDR-FK-2020-21,FK,2,1,21,1,99,destock,2020,bacteria,3.894.578.683
GMDR-TB-2020-32,TB,2,3,32,4,25,destock,2020,bacteria,3.687.716.254
GMDR-FK-2020-40,FK,3,1,40,5,99,destock,2020,bacteria,3.382.989.987
GMDR-FK-2020-52,FK,3,3,52,2,0,heavy,2020,bacteria,3.433.583.787
GMDR-FK-2020-51,FK,3,3,51,2,99,heavy,2020,bacteria,3.542.611.499
GMDR-FK-2020-5,FK,1,1,5,3,50,stable,2020,bacteria,3.766.124.803
GMDR-FK-2020-22,FK,2,1,22,2,75,destock,2020,bacteria,3.701.257.472
GMDR-FK-2020-44,FK,3,2,44,6,25,stable,2020,bacteria,3.752.041.129
GMDR-TB-2020-37,TB,3,3,37,1,75,destock,2020,bacteria,355.134.409
GMDR-TB-2020-14,TB,1,1,14,3,75,stable,2020,bacteria,3.546.458.623
GMDR-FK-2020-11,FK,1,2,11,1,50,heavy,2020,bacteria,3.783.713.446
GMDR-TB-2020-23,TB,2,2,23,6,0,heavy,2020,bacteria,3.260.691.829
GMDR-TB-2020-47,TB,3,2,47,3,99,heavy,2020,bacteria,3.535.346.738
GMDR-TB-2020-35,TB,2,3,35,6,50,destock,2020,bacteria,3.671.329.898
GMDR-TB-2020-54,TB,3,1,54,6,75,stable,2020,bacteria,3.168.844.648
GMDR-TB-2020-28,TB,2,1,28,2,99,stable,2020,bacteria,3.588.423.941
GMDR-FK-2020-36,FK,2,3,36,2,0,heavy,2020,bacteria,317.351.519
GMDR-TB-2020-20,TB,2,2,20,4,0,heavy,2020,bacteria,3.281.692.291
GMDR-TB-2020-44,TB,3,2,44,1,25,heavy,2020,bacteria,3.529.443.351
GMDR-TB-2020-6,TB,1,2,6,2,25,heavy,2020,bacteria,3.789.069.024
GMDR-TB-2020-31,TB,2,3,31,4,99,destock,2020,bacteria,3.476.519.718
GMDR-FK-2020-38,FK,3,1,38,6,25,destock,2020,bacteria,3.209.281.736
GMDR-TB-2020-43,TB,3,2,43,1,0,heavy,2020,bacteria,3.495.726.581
GMDR-TB-2020-52,TB,3,1,52,5,0,stable,2020,bacteria,3.300.667.235
GMDR-FK-2020-46,FK,3,2,46,5,75,stable,2020,bacteria,3.479.687.898
GMDR-TB-2020-11,TB,1,3,11,2,50,destock,2020,bacteria,3.129.778.594
GMDR-FK-2020-16,FK,1,3,16,4,25,destock,2020,bacteria,3.626.235.917
GMDR-FK-2020-43,FK,3,2,43,6,0,stable,2020,bacteria,3.527.206.388
GMDR-TB-2020-13,TB,1,1,13,3,50,stable,2020,bacteria,3.495.375.686
GMDR-TB-2020-46,TB,3,2,46,2,75,heavy,2020,bacteria,3.387.519.746
GMDR-FK-2020-9,FK,1,2,9,1,0,heavy,2020,bacteria,4.136.281.548
GMDR-TB-2020-27,TB,2,1,27,2,50,stable,2020,bacteria,3.474.027.393
GMDR-TB-2020-34,TB,2,3,34,5,0,destock,2020,bacteria,3.715.150.204
GMDR-FK-2020-49,FK,3,3,49,3,50,heavy,2020,bacteria,3.331.207.827
GMDR-TB-2020-40,TB,3,3,40,2,99,destock,2020,bacteria,3.759.594.291
GMDR-FK-2020-29,FK,2,2,29,3,0,stable,2020,bacteria,3.915.245.608
GMDR-TB-2020-24,TB,2,2,24,6,25,heavy,2020,bacteria,350.400.952
GMDR-TB-2020-1,TB,1,2,1,1,75,heavy,2020,bacteria,3.612.255.363
GMDR-FK-2020-25,FK,2,2,25,3,0,stable,2020,bacteria,3.573.832.451
GMDR-FK-2020-42,FK,3,1,42,4,50,destock,2020,bacteria,3.458.937.703
GMDR-FK-2020-54,FK,3,3,54,1,75,heavy,2020,bacteria,3.465.482.232
GMDR-FK-2020-19,FK,2,1,19,1,50,destock,2020,bacteria,3.771.424.817
GMDR-TB-2020-10,TB,1,3,10,2,99,destock,2020,bacteria,3.536.823.245
GMDR-FK-2020-41,FK,3,1,41,4,0,destock,2020,bacteria,3.435.261.617
GMDR-FK-2020-12,FK,1,2,12,2,25,heavy,2020,bacteria,3.787.521.693
GMDR-TB-2020-36,TB,2,3,36,6,0,destock,2020,bacteria,3.807.871.395
GMDR-TB-2020-3,TB,1,2,3,1,0,heavy,2020,bacteria,35.319.686
GMDR-TB-2020-8,TB,1,3,8,1,75,destock,2020,bacteria,3.768.703.534
GMDR-FK-2020-1,FK,1,1,1,3,75,stable,2020,bacteria,3.434.154.446
GMDR-FK-2020-33,FK,2,3,33,1,75,heavy,2020,bacteria,3.941.720.897
GMDR-TB-2020-4,TB,1,2,4,2,0,heavy,2020,bacteria,364.491.576
GMDR-TB-2020-51,TB,3,1,51,5,99,stable,2020,bacteria,3.389.919.227
GMDR-FK-2020-14,FK,1,3,14,4,75,destock,2020,bacteria,3.514.145.329
GMDR-FK-2020-53,FK,3,3,53,1,0,heavy,2020,bacteria,3.137.608.044
GMDR-FK-2020-31,FK,2,3,31,1,99,heavy,2020,bacteria,3.420.491.611
GMDR-TB-2020-45,TB,3,2,45,2,50,heavy,2020,bacteria,35.084.739
GMDR-TB-2020-49,TB,3,1,49,4,50,stable,2020,bacteria,3.452.369.389
GMDR-TB-2020-38,TB,3,3,38,1,25,destock,2020,bacteria,3.508.008.464
GMDR-FK-2020-48,FK,3,2,48,4,0,stable,2020,bacteria,3.516.013.337
GMDR-FK-2020-6,FK,1,1,6,4,25,stable,2020,bacteria,3.704.680.172
GMDR-TB-2020-26,TB,2,1,26,1,75,stable,2020,bacteria,3.429.201.385
GMDR-TB-2020-50,TB,3,1,50,4,25,stable,2020,bacteria,3.290.129.539
GMDR-FK-2020-20,FK,2,1,20,2,0,destock,2020,bacteria,3.740.250.736
GMDR-TB-2020-16,TB,1,1,16,4,25,stable,2020,bacteria,3.365.745.444
GMDR-FK-2020-17,FK,1,3,17,3,0,destock,2020,bacteria,3.364.349.549
GMDR-FK-2020-34,FK,2,3,34,2,0,heavy,2020,bacteria,3.822.130.114
GMDR-FK-2020-7,FK,1,2,7,1,0,heavy,2020,bacteria,3.914.283.486
GMDR-FK-2020-10,FK,1,2,10,2,99,heavy,2020,bacteria,3.543.324.046
GMDR-FK-2020-8,FK,1,2,8,2,75,heavy,2020,bacteria,4.063.755.718
GMDR-TB-2020-2,TB,1,2,2,1,99,heavy,2020,bacteria,376.689.912
GMDR-TB-2020-29,TB,2,1,29,3,0,stable,2020,bacteria,3.755.887.102
GMDR-TB-2020-5,TB,1,2,5,2,50,heavy,2020,bacteria,3.922.702.491
GMDR-FK-2020-24,FK,2,1,24,2,25,destock,2020,bacteria,3.435.439.919
GMDR-TB-2020-39,TB,3,3,39,2,0,destock,2020,bacteria,3.422.293.451
GMDR-TB-2020-15,TB,1,1,15,3,0,stable,2020,bacteria,3.495.331.667
GMDR-FK-2020-18,FK,1,3,18,4,99,destock,2020,bacteria,3.696.537.195
GMDR-TB-2020-53,TB,3,1,53,6,0,stable,2020,bacteria,3.642.097.653
GMDR-TB-2020-25,TB,2,1,25,1,0,stable,2020,bacteria,3.335.136.722
GMDR-TB-2020-9,TB,1,3,9,1,0,destock,2020,bacteria,358.960.773
GMDR-FK-2020-45,FK,3,2,45,5,50,stable,2020,bacteria,3.889.564.255
GMDR-TB-2020-19,TB,2,2,19,4,50,heavy,2020,bacteria,3.628.474.292
GMDR-FK-2020-2,FK,1,1,2,4,99,stable,2020,bacteria,3.311.912.178
GMDR-FK-2020-27,FK,2,2,27,3,50,stable,2020,bacteria,3.642.183.901
GMDR-TB-2020-7,TB,1,3,7,1,0,destock,2020,bacteria,3.625.102.402
GMDR-FK-2020-26,FK,2,2,26,4,75,stable,2020,bacteria,3.845.003.655
GMDR-FK-2020-4,FK,1,1,4,4,0,stable,2020,bacteria,3.738.038.235
GMDR-TB-2020-21,TB,2,2,21,5,99,heavy,2020,bacteria,3.601.798.297
GMDR-TB-2020-48,TB,3,2,48,3,0,heavy,2020,bacteria,327.592.113
GMDR-FK-2020-28,FK,2,2,28,4,99,stable,2020,bacteria,3.726.143.485
GMDR-FK-2020-35,FK,2,3,35,1,50,heavy,2020,bacteria,3.637.103.873
GMDR-TB-2020-12,TB,1,3,12,2,25,destock,2020,bacteria,3.717.638.349
GMDR-FK-2020-39,FK,3,1,39,5,0,destock,2020,bacteria,3.258.992.543
GMDR-FK-2020-32,FK,2,3,32,2,25,heavy,2020,bacteria,3.784.804.884
GMDR-TB-2020-33,TB,2,3,33,5,75,destock,2020,bacteria,3.638.404.894
GMDR-TB-2020-42,TB,3,3,42,3,50,destock,2020,bacteria,3.588.285.504
GMDR-FK-2020-37,FK,3,1,37,6,75,destock,2020,bacteria,353.477.299
GMDR-TB-2020-41,TB,3,3,41,3,0,destock,2020,bacteria,3.279.703.359
GMDR-FK-2020-15,FK,1,3,15,3,0,destock,2020,bacteria,3.601.054.629
GMDR-TB-2020-22,TB,2,2,22,5,75,heavy,2020,bacteria,3.151.018.298
GMDR-TB-2020-30,TB,2,1,30,3,25,stable,2020,bacteria,3.856.440.655
GMDR-FK-2020-13,FK,1,3,13,3,50,destock,2020,bacteria,3.161.780.002
GMDR-FK-2020-3,FK,1,1,3,3,0,stable,2020,bacteria,3.268.710.386
GMDR-TB-2020-18,TB,1,1,18,4,99,stable,2020,bacteria,3.643.608.374
GMDR-FK-2020-23,FK,2,1,23,1,0,destock,2020,bacteria,370.426.967
GMDR-FK-2020-30,FK,2,2,30,4,25,stable,2020,bacteria,3.449.057.109
GMDR-TB-2020-17,TB,1,1,17,4,0,stable,2020,bacteria,3.457.092.367
GMDR-FK-2020-50,FK,3,3,50,3,25,heavy,2020,bacteria,3.624.973.395
GMDR-FK-2020-47,FK,3,2,47,4,99,stable,2020,bacteria,3.536.156.128
GMDR-FK-2020-21,FK,2,1,21,1,99,destock,2020,fungi,3.966.751.914
GMDR-TB-2020-32,TB,2,3,32,4,25,destock,2020,fungi,44.275.656
GMDR-FK-2020-40,FK,3,1,40,5,99,destock,2020,fungi,2.174.609.073
GMDR-FK-2020-52,FK,3,3,52,2,0,heavy,2020,fungi,3.553.984.528
GMDR-FK-2020-51,FK,3,3,51,2,99,heavy,2020,fungi,2.916.381.315
GMDR-FK-2020-5,FK,1,1,5,3,50,stable,2020,fungi,3.605.645.109
GMDR-FK-2020-22,FK,2,1,22,2,75,destock,2020,fungi,4.449.661.428
GMDR-FK-2020-44,FK,3,2,44,6,25,stable,2020,fungi,2.100.823.964
GMDR-TB-2020-37,TB,3,3,37,1,75,destock,2020,fungi,3.268.618.269
GMDR-TB-2020-14,TB,1,1,14,3,75,stable,2020,fungi,3.336.271.535
GMDR-FK-2020-11,FK,1,2,11,1,50,heavy,2020,fungi,3.930.067.959
GMDR-TB-2020-23,TB,2,2,23,6,0,heavy,2020,fungi,2.512.658.872
GMDR-TB-2020-47,TB,3,2,47,3,99,heavy,2020,fungi,3.580.788.122
GMDR-TB-2020-35,TB,2,3,35,6,50,destock,2020,fungi,3.326.649.292
GMDR-TB-2020-54,TB,3,1,54,6,75,stable,2020,fungi,304.703.819
GMDR-TB-2020-28,TB,2,1,28,2,99,stable,2020,fungi,4.186.706.956
GMDR-FK-2020-36,FK,2,3,36,2,0,heavy,2020,fungi,3.720.627.399
GMDR-TB-2020-20,TB,2,2,20,4,0,heavy,2020,fungi,3.479.633.121
GMDR-TB-2020-44,TB,3,2,44,1,25,heavy,2020,fungi,32.604.074
GMDR-TB-2020-6,TB,1,2,6,2,25,heavy,2020,fungi,3.574.268.352
GMDR-TB-2020-31,TB,2,3,31,4,99,destock,2020,fungi,3.943.152.431
GMDR-FK-2020-38,FK,3,1,38,6,25,destock,2020,fungi,2.148.740.227
GMDR-TB-2020-43,TB,3,2,43,1,0,heavy,2020,fungi,4.308.709.042
GMDR-TB-2020-52,TB,3,1,52,5,0,stable,2020,fungi,3.553.648.557
GMDR-FK-2020-46,FK,3,2,46,5,75,stable,2020,fungi,1.974.837.672
GMDR-TB-2020-11,TB,1,3,11,2,50,destock,2020,fungi,3.683.872.107
GMDR-FK-2020-16,FK,1,3,16,4,25,destock,2020,fungi,4.176.023.039
GMDR-FK-2020-43,FK,3,2,43,6,0,stable,2020,fungi,2.594.128.005
GMDR-TB-2020-13,TB,1,1,13,3,50,stable,2020,fungi,352.859.989
GMDR-TB-2020-46,TB,3,2,46,2,75,heavy,2020,fungi,3.994.270.054
GMDR-FK-2020-9,FK,1,2,9,1,0,heavy,2020,fungi,4.124.929.684
GMDR-TB-2020-27,TB,2,1,27,2,50,stable,2020,fungi,3.494.024.881
GMDR-TB-2020-34,TB,2,3,34,5,0,destock,2020,fungi,4.398.864.392
GMDR-TB-2020-40,TB,3,3,40,2,99,destock,2020,fungi,3.089.067.365
GMDR-FK-2020-29,FK,2,2,29,3,0,stable,2020,fungi,4.149.334.915
GMDR-TB-2020-24,TB,2,2,24,6,25,heavy,2020,fungi,4.032.670.591
GMDR-TB-2020-1,TB,1,2,1,1,75,heavy,2020,fungi,3.342.316.112
GMDR-FK-2020-25,FK,2,2,25,3,0,stable,2020,fungi,3.600.082.833
GMDR-FK-2020-42,FK,3,1,42,4,50,destock,2020,fungi,1.953.041.183
GMDR-FK-2020-54,FK,3,3,54,1,75,heavy,2020,fungi,275.159.937
GMDR-FK-2020-19,FK,2,1,19,1,50,destock,2020,fungi,3.282.290.189
GMDR-TB-2020-10,TB,1,3,10,2,99,destock,2020,fungi,3.963.410.927
GMDR-FK-2020-41,FK,3,1,41,4,0,destock,2020,fungi,1.323.185.681
GMDR-FK-2020-12,FK,1,2,12,2,25,heavy,2020,fungi,477.758.372
GMDR-TB-2020-36,TB,2,3,36,6,0,destock,2020,fungi,3.610.422.389
GMDR-TB-2020-3,TB,1,2,3,1,0,heavy,2020,fungi,3.574.656.646
GMDR-TB-2020-8,TB,1,3,8,1,75,destock,2020,fungi,4.221.278.134
GMDR-FK-2020-1,FK,1,1,1,3,75,stable,2020,fungi,3.795.907.168
GMDR-FK-2020-33,FK,2,3,33,1,75,heavy,2020,fungi,4.251.091.324
GMDR-TB-2020-4,TB,1,2,4,2,0,heavy,2020,fungi,2.536.003.179
GMDR-TB-2020-51,TB,3,1,51,5,99,stable,2020,fungi,3.464.634.934
GMDR-FK-2020-14,FK,1,3,14,4,75,destock,2020,fungi,3.952.363.593
GMDR-FK-2020-53,FK,3,3,53,1,0,heavy,2020,fungi,2.145.848.364
GMDR-FK-2020-31,FK,2,3,31,1,99,heavy,2020,fungi,4.213.039.287
GMDR-TB-2020-45,TB,3,2,45,2,50,heavy,2020,fungi,3.986.259.204
GMDR-TB-2020-49,TB,3,1,49,4,50,stable,2020,fungi,340.462.807
GMDR-TB-2020-38,TB,3,3,38,1,25,destock,2020,fungi,3.681.024.712
GMDR-FK-2020-48,FK,3,2,48,4,0,stable,2020,fungi,2.208.692.153
GMDR-FK-2020-6,FK,1,1,6,4,25,stable,2020,fungi,3.465.952.691
GMDR-TB-2020-26,TB,2,1,26,1,75,stable,2020,fungi,3.932.365.256
GMDR-TB-2020-50,TB,3,1,50,4,25,stable,2020,fungi,3.126.272.065
GMDR-FK-2020-20,FK,2,1,20,2,0,destock,2020,fungi,1.606.701.997
GMDR-TB-2020-16,TB,1,1,16,4,25,stable,2020,fungi,3.363.349.563
GMDR-FK-2020-17,FK,1,3,17,3,0,destock,2020,fungi,2.385.395.262
GMDR-FK-2020-34,FK,2,3,34,2,0,heavy,2020,fungi,3.349.113.204
GMDR-FK-2020-7,FK,1,2,7,1,0,heavy,2020,fungi,431.817.055
GMDR-FK-2020-10,FK,1,2,10,2,99,heavy,2020,fungi,427.501.888
GMDR-FK-2020-8,FK,1,2,8,2,75,heavy,2020,fungi,3.810.595.326
GMDR-TB-2020-2,TB,1,2,2,1,99,heavy,2020,fungi,3.936.145.337
GMDR-TB-2020-29,TB,2,1,29,3,0,stable,2020,fungi,4.108.963.072
GMDR-TB-2020-5,TB,1,2,5,2,50,heavy,2020,fungi,5.054.708.539
GMDR-FK-2020-24,FK,2,1,24,2,25,destock,2020,fungi,3.308.965.683
GMDR-TB-2020-39,TB,3,3,39,2,0,destock,2020,fungi,3.796.975.151
GMDR-TB-2020-15,TB,1,1,15,3,0,stable,2020,fungi,3.220.523.231
GMDR-FK-2020-18,FK,1,3,18,4,99,destock,2020,fungi,333.854.116
GMDR-TB-2020-53,TB,3,1,53,6,0,stable,2020,fungi,3.308.007.833
GMDR-TB-2020-25,TB,2,1,25,1,0,stable,2020,fungi,3.187.969.066
GMDR-TB-2020-9,TB,1,3,9,1,0,destock,2020,fungi,3.965.538.976
GMDR-FK-2020-45,FK,3,2,45,5,50,stable,2020,fungi,1.504.495.143
GMDR-TB-2020-19,TB,2,2,19,4,50,heavy,2020,fungi,3.814.770.203
GMDR-FK-2020-2,FK,1,1,2,4,99,stable,2020,fungi,2.823.598.996
GMDR-FK-2020-27,FK,2,2,27,3,50,stable,2020,fungi,3.914.347.866
GMDR-TB-2020-7,TB,1,3,7,1,0,destock,2020,fungi,4.639.301.322
GMDR-FK-2020-26,FK,2,2,26,4,75,stable,2020,fungi,4.066.412.354
GMDR-FK-2020-4,FK,1,1,4,4,0,stable,2020,fungi,410.014.713
GMDR-TB-2020-21,TB,2,2,21,5,99,heavy,2020,fungi,3.610.708.746
GMDR-TB-2020-48,TB,3,2,48,3,0,heavy,2020,fungi,3.520.849.783
GMDR-FK-2020-28,FK,2,2,28,4,99,stable,2020,fungi,4.061.693.025
GMDR-FK-2020-35,FK,2,3,35,1,50,heavy,2020,fungi,3.710.588.489
GMDR-TB-2020-12,TB,1,3,12,2,25,destock,2020,fungi,3.445.538.853
GMDR-FK-2020-39,FK,3,1,39,5,0,destock,2020,fungi,2.190.631.481
GMDR-FK-2020-32,FK,2,3,32,2,25,heavy,2020,fungi,3.247.088.512
GMDR-TB-2020-33,TB,2,3,33,5,75,destock,2020,fungi,3.785.196.951
GMDR-TB-2020-42,TB,3,3,42,3,50,destock,2020,fungi,3.340.796.593
GMDR-FK-2020-37,FK,3,1,37,6,75,destock,2020,fungi,201.015.591
GMDR-TB-2020-41,TB,3,3,41,3,0,destock,2020,fungi,3.287.097.386
GMDR-FK-2020-15,FK,1,3,15,3,0,destock,2020,fungi,3.432.903.263
GMDR-TB-2020-22,TB,2,2,22,5,75,heavy,2020,fungi,3.748.777.237
GMDR-TB-2020-30,TB,2,1,30,3,25,stable,2020,fungi,4.051.548.806
GMDR-FK-2020-13,FK,1,3,13,3,50,destock,2020,fungi,4.624.476.809
GMDR-FK-2020-3,FK,1,1,3,3,0,stable,2020,fungi,4.024.527.948
GMDR-TB-2020-18,TB,1,1,18,4,99,stable,2020,fungi,3.929.924.621
GMDR-FK-2020-23,FK,2,1,23,1,0,destock,2020,fungi,2.605.625.582
GMDR-FK-2020-30,FK,2,2,30,4,25,stable,2020,fungi,4.286.967.587
GMDR-TB-2020-17,TB,1,1,17,4,0,stable,2020,fungi,3.577.958.243
GMDR-FK-2020-50,FK,3,3,50,3,25,heavy,2020,fungi,1.629.042.059
GMDR-FK-2020-47,FK,3,2,47,4,99,stable,2020,fungi,2.125.698.458
GMDR-TB-2021-40,TB,3,3,40,2,99,destock,2021,bacteria,3.219.478.869
GMDR-FK-2021-9,FK,1,2,9,1,0,heavy,2021,bacteria,3.874.615.263
GMDR-FK-2021-49,FK,3,3,49,3,50,heavy,2021,bacteria,3.020.438.336
GMDR-FK-2021-10,FK,1,2,10,2,99,heavy,2021,bacteria,4.240.753.716
GMDR-TB-2021-52,TB,3,1,52,5,0,stable,2021,bacteria,3.837.086.813
GMDR-TB-2021-51,TB,3,1,51,5,99,stable,2021,bacteria,3.549.720.871
GMDR-TB-2021-5,TB,1,2,5,2,50,heavy,2021,bacteria,3.271.191.514
GMDR-TB-2021-27,TB,2,1,27,2,50,stable,2021,bacteria,3.719.027.989
GMDR-TB-2021-39,TB,3,3,39,2,0,destock,2021,bacteria,3.207.762.855
GMDR-FK-2021-5,FK,1,1,5,3,50,stable,2021,bacteria,4.140.641.379
GMDR-TB-2021-32,TB,2,3,32,4,25,destock,2021,bacteria,3.439.836.251
GMDR-TB-2021-6,TB,1,2,6,2,25,heavy,2021,bacteria,3.302.519.572
GMDR-FK-2021-34,FK,2,3,34,2,0,heavy,2021,bacteria,3.513.418.497
GMDR-FK-2021-1,FK,1,1,1,3,75,stable,2021,bacteria,3.787.291.257
GMDR-FK-2021-13,FK,1,3,13,3,50,destock,2021,bacteria,4.194.391.264
GMDR-TB-2021-17,TB,1,1,17,4,0,stable,2021,bacteria,3.246.961.949
GMDR-FK-2021-42,FK,3,1,42,4,50,destock,2021,bacteria,3.848.150.396
GMDR-TB-2021-20,TB,2,2,20,4,0,heavy,2021,bacteria,3.574.512.044
GMDR-TB-2021-7,TB,1,3,7,1,0,destock,2021,bacteria,3.170.769.162
GMDR-FK-2021-39,FK,3,1,39,5,0,destock,2021,bacteria,382.159.334
GMDR-FK-2021-38,FK,3,1,38,6,25,destock,2021,bacteria,3.888.903.346
GMDR-TB-2021-24,TB,2,2,24,6,25,heavy,2021,bacteria,3.528.216.678
GMDR-FK-2021-44,FK,3,2,44,6,25,stable,2021,bacteria,4.017.696.347
GMDR-TB-2021-21,TB,2,2,21,5,99,heavy,2021,bacteria,3.587.621.423
GMDR-FK-2021-15,FK,1,3,15,3,0,destock,2021,bacteria,4.188.555.944
GMDR-FK-2021-7,FK,1,2,7,1,0,heavy,2021,bacteria,416.729.397
GMDR-FK-2021-46,FK,3,2,46,5,75,stable,2021,bacteria,3.903.329.684
GMDR-TB-2021-41,TB,3,3,41,3,0,destock,2021,bacteria,3.055.489.162
GMDR-TB-2021-8,TB,1,3,8,1,75,destock,2021,bacteria,3.647.629.635
GMDR-TB-2021-2,TB,1,2,2,1,99,heavy,2021,bacteria,3.468.244.699
GMDR-TB-2021-12,TB,1,3,12,2,25,destock,2021,bacteria,3.444.170.954
GMDR-TB-2021-42,TB,3,3,42,3,50,destock,2021,bacteria,3.170.969.883
GMDR-TB-2021-54,TB,3,1,54,6,75,stable,2021,bacteria,314.672.565
GMDR-FK-2021-4,FK,1,1,4,4,0,stable,2021,bacteria,3.786.758.352
GMDR-FK-2021-24,FK,2,1,24,2,25,destock,2021,bacteria,3.949.584.642
GMDR-TB-2021-36,TB,2,3,36,6,0,destock,2021,bacteria,3.066.157.591
GMDR-FK-2021-31,FK,2,3,31,1,99,heavy,2021,bacteria,3.674.726.213
GMDR-FK-2021-3,FK,1,1,3,3,0,stable,2021,bacteria,3.768.773.215
GMDR-FK-2021-23,FK,2,1,23,1,0,destock,2021,bacteria,3.459.313.394
GMDR-TB-2021-47,TB,3,2,47,3,99,heavy,2021,bacteria,3.206.398.705
GMDR-TB-2021-35,TB,2,3,35,6,50,destock,2021,bacteria,309.551.068
GMDR-FK-2021-40,FK,3,1,40,5,99,destock,2021,bacteria,3.665.956.535
GMDR-TB-2021-45,TB,3,2,45,2,50,heavy,2021,bacteria,3.859.956.401
GMDR-TB-2021-10,TB,1,3,10,2,99,destock,2021,bacteria,3.277.739.469
GMDR-FK-2021-53,FK,3,3,53,1,0,heavy,2021,bacteria,3.600.807.668
GMDR-FK-2021-41,FK,3,1,41,4,0,destock,2021,bacteria,3.710.315.035
GMDR-FK-2021-30,FK,2,2,30,4,25,stable,2021,bacteria,3.885.390.901
GMDR-FK-2021-14,FK,1,3,14,4,75,destock,2021,bacteria,3.667.435.149
GMDR-FK-2021-33,FK,2,3,33,1,75,heavy,2021,bacteria,3.103.226.164
GMDR-FK-2021-19,FK,2,1,19,1,50,destock,2021,bacteria,4.057.720.362
GMDR-FK-2021-17,FK,1,3,17,3,0,destock,2021,bacteria,3.856.305.895
GMDR-TB-2021-34,TB,2,3,34,5,0,destock,2021,bacteria,31.350.322
GMDR-FK-2021-26,FK,2,2,26,4,75,stable,2021,bacteria,3.715.426.743
GMDR-TB-2021-30,TB,2,1,30,3,25,stable,2021,bacteria,3.545.337.107
GMDR-FK-2021-12,FK,1,2,12,2,25,heavy,2021,bacteria,3.577.477.606
GMDR-TB-2021-53,TB,3,1,53,6,0,stable,2021,bacteria,3.574.303.789
GMDR-TB-2021-14,TB,1,1,14,3,75,stable,2021,bacteria,3.194.570.434
GMDR-FK-2021-18,FK,1,3,18,4,99,destock,2021,bacteria,3.190.809.078
GMDR-FK-2021-43,FK,3,2,43,6,0,stable,2021,bacteria,3.862.780.276
GMDR-TB-2021-49,TB,3,1,49,4,50,stable,2021,bacteria,3.282.424.481
GMDR-FK-2021-25,FK,2,2,25,3,0,stable,2021,bacteria,4.121.812.642
GMDR-FK-2021-35,FK,2,3,35,1,50,heavy,2021,bacteria,3.765.055.644
GMDR-FK-2021-37,FK,3,1,37,6,75,destock,2021,bacteria,3.778.022.695
GMDR-TB-2021-28,TB,2,1,28,2,99,stable,2021,bacteria,3.225.293.358
GMDR-TB-2021-4,TB,1,2,4,2,0,heavy,2021,bacteria,2.881.999.886
GMDR-TB-2021-1,TB,1,2,1,1,75,heavy,2021,bacteria,3.394.195.882
GMDR-FK-2021-21,FK,2,1,21,1,99,destock,2021,bacteria,4.083.218.462
GMDR-FK-2021-52,FK,3,3,52,2,0,heavy,2021,bacteria,3.710.205.558
GMDR-FK-2021-27,FK,2,2,27,3,50,stable,2021,bacteria,3.782.424.994
GMDR-TB-2021-22,TB,2,2,22,5,75,heavy,2021,bacteria,348.000.651
GMDR-TB-2021-50,TB,3,1,50,4,25,stable,2021,bacteria,3.603.665.945
GMDR-FK-2021-51,FK,3,3,51,2,99,heavy,2021,bacteria,3.743.338.449
GMDR-TB-2021-13,TB,1,1,13,3,50,stable,2021,bacteria,3.309.083.542
GMDR-FK-2021-45,FK,3,2,45,5,50,stable,2021,bacteria,3.539.426.304
GMDR-TB-2021-33,TB,2,3,33,5,75,destock,2021,bacteria,3.748.040.257
GMDR-FK-2021-11,FK,1,2,11,1,50,heavy,2021,bacteria,4.045.023.862
GMDR-TB-2021-26,TB,2,1,26,1,75,stable,2021,bacteria,3.709.814.775
GMDR-TB-2021-46,TB,3,2,46,2,75,heavy,2021,bacteria,353.655.945
GMDR-FK-2021-6,FK,1,1,6,4,25,stable,2021,bacteria,4.294.796.475
GMDR-FK-2021-22,FK,2,1,22,2,75,destock,2021,bacteria,397.602.647
GMDR-TB-2021-29,TB,2,1,29,3,0,stable,2021,bacteria,3.552.435.343
GMDR-FK-2021-54,FK,3,3,54,1,75,heavy,2021,bacteria,3.319.248.308
GMDR-FK-2021-20,FK,2,1,20,2,0,destock,2021,bacteria,3.437.435.296
GMDR-TB-2021-48,TB,3,2,48,3,0,heavy,2021,bacteria,3.601.087.478
GMDR-FK-2021-36,FK,2,3,36,2,0,heavy,2021,bacteria,4.323.158.911
GMDR-FK-2021-50,FK,3,3,50,3,25,heavy,2021,bacteria,3.429.673.415
GMDR-TB-2021-44,TB,3,2,44,1,25,heavy,2021,bacteria,3.278.022.348
GMDR-TB-2021-18,TB,1,1,18,4,99,stable,2021,bacteria,3.403.853.717
GMDR-TB-2021-31,TB,2,3,31,4,99,destock,2021,bacteria,3.144.220.189
GMDR-FK-2021-2,FK,1,1,2,4,99,stable,2021,bacteria,4.026.769.637
GMDR-FK-2021-8,FK,1,2,8,2,75,heavy,2021,bacteria,3.970.276.879
GMDR-TB-2021-16,TB,1,1,16,4,25,stable,2021,bacteria,3.326.802.727
GMDR-FK-2021-28,FK,2,2,28,4,99,stable,2021,bacteria,3.626.903.542
GMDR-FK-2021-29,FK,2,2,29,3,0,stable,2021,bacteria,3.481.511.351
GMDR-FK-2021-47,FK,3,2,47,4,99,stable,2021,bacteria,347.648.871
GMDR-TB-2021-3,TB,1,2,3,1,0,heavy,2021,bacteria,3.403.733.836
GMDR-TB-2021-23,TB,2,2,23,6,0,heavy,2021,bacteria,3.263.242.117
GMDR-TB-2021-19,TB,2,2,19,4,50,heavy,2021,bacteria,3.127.693.062
GMDR-TB-2021-9,TB,1,3,9,1,0,destock,2021,bacteria,3.649.715.054
GMDR-TB-2021-15,TB,1,1,15,3,0,stable,2021,bacteria,3.479.717.009
GMDR-TB-2021-38,TB,3,3,38,1,25,destock,2021,bacteria,3.333.547.017
GMDR-TB-2021-43,TB,3,2,43,1,0,heavy,2021,bacteria,3.004.227.827
GMDR-FK-2021-16,FK,1,3,16,4,25,destock,2021,bacteria,3.359.457.992
GMDR-TB-2021-25,TB,2,1,25,1,0,stable,2021,bacteria,3.476.066.409
GMDR-FK-2021-48,FK,3,2,48,4,0,stable,2021,bacteria,3.216.666.696
GMDR-TB-2021-40,TB,3,3,40,2,99,destock,2021,fungi,2.935.991.101
GMDR-FK-2021-9,FK,1,2,9,1,0,heavy,2021,fungi,4.133.792.903
GMDR-FK-2021-49,FK,3,3,49,3,50,heavy,2021,fungi,3.481.279.075
GMDR-FK-2021-10,FK,1,2,10,2,99,heavy,2021,fungi,4.058.956.789
GMDR-TB-2021-52,TB,3,1,52,5,0,stable,2021,fungi,2.877.501.573
GMDR-TB-2021-51,TB,3,1,51,5,99,stable,2021,fungi,3.753.453.099
GMDR-TB-2021-27,TB,2,1,27,2,50,stable,2021,fungi,2.876.864.365
GMDR-FK-2021-5,FK,1,1,5,3,50,stable,2021,fungi,3.530.181.783
GMDR-TB-2021-6,TB,1,2,6,2,25,heavy,2021,fungi,1.999.475.023
GMDR-FK-2021-34,FK,2,3,34,2,0,heavy,2021,fungi,4.273.017.683
GMDR-FK-2021-1,FK,1,1,1,3,75,stable,2021,fungi,3.587.803.802
GMDR-FK-2021-13,FK,1,3,13,3,50,destock,2021,fungi,3.971.766.029
GMDR-TB-2021-17,TB,1,1,17,4,0,stable,2021,fungi,2.165.686.121
GMDR-FK-2021-42,FK,3,1,42,4,50,destock,2021,fungi,3.787.360.597
GMDR-TB-2021-20,TB,2,2,20,4,0,heavy,2021,fungi,3.465.698.216
GMDR-TB-2021-7,TB,1,3,7,1,0,destock,2021,fungi,2.058.740.023
GMDR-FK-2021-39,FK,3,1,39,5,0,destock,2021,fungi,3.601.151.388
GMDR-FK-2021-38,FK,3,1,38,6,25,destock,2021,fungi,2.362.893.701
GMDR-TB-2021-24,TB,2,2,24,6,25,heavy,2021,fungi,3.203.866.015
GMDR-FK-2021-44,FK,3,2,44,6,25,stable,2021,fungi,3.768.808.013
GMDR-TB-2021-21,TB,2,2,21,5,99,heavy,2021,fungi,2.608.158.607
GMDR-FK-2021-15,FK,1,3,15,3,0,destock,2021,fungi,269.072.212
GMDR-FK-2021-7,FK,1,2,7,1,0,heavy,2021,fungi,4.046.139.603
GMDR-FK-2021-46,FK,3,2,46,5,75,stable,2021,fungi,2.542.022.809
GMDR-TB-2021-41,TB,3,3,41,3,0,destock,2021,fungi,2.089.675.961
GMDR-TB-2021-8,TB,1,3,8,1,75,destock,2021,fungi,2.308.728.417
GMDR-TB-2021-2,TB,1,2,2,1,99,heavy,2021,fungi,2.631.698.723
GMDR-TB-2021-12,TB,1,3,12,2,25,destock,2021,fungi,1.212.738.406
GMDR-TB-2021-42,TB,3,3,42,3,50,destock,2021,fungi,2.305.276.675
GMDR-TB-2021-54,TB,3,1,54,6,75,stable,2021,fungi,3.444.534.771
GMDR-FK-2021-4,FK,1,1,4,4,0,stable,2021,fungi,4.015.407.737
GMDR-FK-2021-24,FK,2,1,24,2,25,destock,2021,fungi,3.427.723.158
GMDR-TB-2021-36,TB,2,3,36,6,0,destock,2021,fungi,2.363.421.898
GMDR-FK-2021-31,FK,2,3,31,1,99,heavy,2021,fungi,4.150.344.848
GMDR-FK-2021-3,FK,1,1,3,3,0,stable,2021,fungi,3.481.538.848
GMDR-FK-2021-23,FK,2,1,23,1,0,destock,2021,fungi,425.267.569
GMDR-TB-2021-47,TB,3,2,47,3,99,heavy,2021,fungi,3.420.441.367
GMDR-TB-2021-35,TB,2,3,35,6,50,destock,2021,fungi,2.237.406.191
GMDR-FK-2021-40,FK,3,1,40,5,99,destock,2021,fungi,4.373.051.529
GMDR-TB-2021-45,TB,3,2,45,2,50,heavy,2021,fungi,3.313.654.792
GMDR-TB-2021-10,TB,1,3,10,2,99,destock,2021,fungi,2.115.000.435
GMDR-FK-2021-53,FK,3,3,53,1,0,heavy,2021,fungi,2.811.646.645
GMDR-FK-2021-41,FK,3,1,41,4,0,destock,2021,fungi,3.936.787.849
GMDR-FK-2021-30,FK,2,2,30,4,25,stable,2021,fungi,3.615.228.131
GMDR-FK-2021-14,FK,1,3,14,4,75,destock,2021,fungi,2.480.624.606
GMDR-FK-2021-33,FK,2,3,33,1,75,heavy,2021,fungi,3.589.913.889
GMDR-FK-2021-19,FK,2,1,19,1,50,destock,2021,fungi,3.369.997.309
GMDR-FK-2021-17,FK,1,3,17,3,0,destock,2021,fungi,4.381.351.218
GMDR-TB-2021-34,TB,2,3,34,5,0,destock,2021,fungi,2.746.284.504
GMDR-FK-2021-26,FK,2,2,26,4,75,stable,2021,fungi,3.736.518.508
GMDR-TB-2021-30,TB,2,1,30,3,25,stable,2021,fungi,3.773.450.208
GMDR-FK-2021-12,FK,1,2,12,2,25,heavy,2021,fungi,2.083.319.305
GMDR-FK-2021-18,FK,1,3,18,4,99,destock,2021,fungi,2.434.180.771
GMDR-FK-2021-43,FK,3,2,43,6,0,stable,2021,fungi,4.067.278.945
GMDR-TB-2021-49,TB,3,1,49,4,50,stable,2021,fungi,4.087.638.033
GMDR-FK-2021-25,FK,2,2,25,3,0,stable,2021,fungi,4.850.060.817
GMDR-FK-2021-35,FK,2,3,35,1,50,heavy,2021,fungi,2.582.838.929
GMDR-FK-2021-37,FK,3,1,37,6,75,destock,2021,fungi,3.900.577.248
GMDR-TB-2021-28,TB,2,1,28,2,99,stable,2021,fungi,2.940.724.105
GMDR-TB-2021-1,TB,1,2,1,1,75,heavy,2021,fungi,2.049.203.537
GMDR-FK-2021-21,FK,2,1,21,1,99,destock,2021,fungi,3.761.293.837
GMDR-FK-2021-52,FK,3,3,52,2,0,heavy,2021,fungi,4.075.730.409
GMDR-FK-2021-27,FK,2,2,27,3,50,stable,2021,fungi,3.668.455.895
GMDR-TB-2021-22,TB,2,2,22,5,75,heavy,2021,fungi,3.206.597.142
GMDR-TB-2021-50,TB,3,1,50,4,25,stable,2021,fungi,4.261.066.147
GMDR-FK-2021-51,FK,3,3,51,2,99,heavy,2021,fungi,3.283.822.642
GMDR-TB-2021-13,TB,1,1,13,3,50,stable,2021,fungi,2.053.040.031
GMDR-FK-2021-45,FK,3,2,45,5,50,stable,2021,fungi,4.000.360.647
GMDR-TB-2021-33,TB,2,3,33,5,75,destock,2021,fungi,2.808.162.217
GMDR-FK-2021-11,FK,1,2,11,1,50,heavy,2021,fungi,3.966.743.901
GMDR-TB-2021-26,TB,2,1,26,1,75,stable,2021,fungi,3.828.367.991
GMDR-TB-2021-46,TB,3,2,46,2,75,heavy,2021,fungi,3.650.926.633
GMDR-FK-2021-6,FK,1,1,6,4,25,stable,2021,fungi,3.965.825.315
GMDR-FK-2021-22,FK,2,1,22,2,75,destock,2021,fungi,3.375.987.825
GMDR-TB-2021-29,TB,2,1,29,3,0,stable,2021,fungi,2.666.183.223
GMDR-FK-2021-54,FK,3,3,54,1,75,heavy,2021,fungi,2.373.200.892
GMDR-FK-2021-20,FK,2,1,20,2,0,destock,2021,fungi,1.953.929.317
GMDR-TB-2021-48,TB,3,2,48,3,0,heavy,2021,fungi,3.714.073.949
GMDR-FK-2021-36,FK,2,3,36,2,0,heavy,2021,fungi,4.017.886.799
GMDR-FK-2021-50,FK,3,3,50,3,25,heavy,2021,fungi,4.215.516.742
GMDR-TB-2021-44,TB,3,2,44,1,25,heavy,2021,fungi,2.908.977.493
GMDR-TB-2021-18,TB,1,1,18,4,99,stable,2021,fungi,3.790.424.643
GMDR-TB-2021-31,TB,2,3,31,4,99,destock,2021,fungi,2.198.844.299
GMDR-FK-2021-2,FK,1,1,2,4,99,stable,2021,fungi,3.796.207.034
GMDR-FK-2021-8,FK,1,2,8,2,75,heavy,2021,fungi,3.831.986.385
GMDR-TB-2021-16,TB,1,1,16,4,25,stable,2021,fungi,1.403.129.807
GMDR-FK-2021-28,FK,2,2,28,4,99,stable,2021,fungi,3.931.296.733
GMDR-FK-2021-29,FK,2,2,29,3,0,stable,2021,fungi,1.887.046.403
GMDR-FK-2021-47,FK,3,2,47,4,99,stable,2021,fungi,4.542.220.346
GMDR-TB-2021-3,TB,1,2,3,1,0,heavy,2021,fungi,1.668.613.126
GMDR-TB-2021-23,TB,2,2,23,6,0,heavy,2021,fungi,2.601.687.463
GMDR-TB-2021-19,TB,2,2,19,4,50,heavy,2021,fungi,1.704.111.339
GMDR-TB-2021-9,TB,1,3,9,1,0,destock,2021,fungi,243.520.301
GMDR-TB-2021-15,TB,1,1,15,3,0,stable,2021,fungi,414.631.225
GMDR-TB-2021-38,TB,3,3,38,1,25,destock,2021,fungi,2.668.057.565
GMDR-TB-2021-43,TB,3,2,43,1,0,heavy,2021,fungi,2.073.205.918
GMDR-FK-2021-16,FK,1,3,16,4,25,destock,2021,fungi,2.337.199.129
GMDR-TB-2021-25,TB,2,1,25,1,0,stable,2021,fungi,2.123.192.036
GMDR-FK-2021-48,FK,3,2,48,4,0,stable,2021,fungi,3.911.011.078
GMDR-TB-2022-11,TB,1,3,11,2,50,destock,2022,bacteria,3.487.197.828
GMDR-TB-2022-24,TB,2,2,24,6,25,heavy,2022,bacteria,3.210.362.618
GMDR-FK-2022-35,FK,2,3,35,1,50,heavy,2022,bacteria,4.161.095.351
GMDR-TB-2022-44,TB,3,2,44,1,25,heavy,2022,bacteria,3.052.325.089
GMDR-TB-2022-9,TB,1,3,9,1,0,destock,2022,bacteria,3.432.764.494
GMDR-FK-2022-14,FK,1,3,14,4,75,destock,2022,bacteria,4.003.439.128
GMDR-FK-2022-11,FK,1,2,11,1,50,heavy,2022,bacteria,3.436.050.283
GMDR-FK-2022-44,FK,3,2,44,6,25,stable,2022,bacteria,3.708.412.363
GMDR-TB-2022-5,TB,1,2,5,2,50,heavy,2022,bacteria,3.528.299.149
GMDR-FK-2022-39,FK,3,1,39,5,0,destock,2022,bacteria,3.834.608.758
GMDR-FK-2022-16,FK,1,3,16,4,25,destock,2022,bacteria,4.221.047.489
GMDR-FK-2022-38,FK,3,1,38,6,25,destock,2022,bacteria,378.404.347
GMDR-TB-2022-13,TB,1,1,13,3,50,stable,2022,bacteria,3.359.220.326
GMDR-FK-2022-6,FK,1,1,6,4,25,stable,2022,bacteria,4.065.287.751
GMDR-TB-2022-7,TB,1,3,7,1,0,destock,2022,bacteria,3.788.164.764
GMDR-TB-2022-3,TB,1,2,3,1,0,heavy,2022,bacteria,3.689.128.459
GMDR-FK-2022-4,FK,1,1,4,4,0,stable,2022,bacteria,390.408.464
GMDR-TB-2022-12,TB,1,3,12,2,25,destock,2022,bacteria,3.173.936.467
GMDR-FK-2022-42,FK,3,1,42,4,50,destock,2022,bacteria,3.458.538.324
GMDR-FK-2022-53,FK,3,3,53,1,0,heavy,2022,bacteria,3.805.338.445
GMDR-TB-2022-22,TB,2,2,22,5,75,heavy,2022,bacteria,3.188.120.651
GMDR-FK-2022-40,FK,3,1,40,5,99,destock,2022,bacteria,4.055.905.614
GMDR-FK-2022-1,FK,1,1,1,3,75,stable,2022,bacteria,4.481.056.223
GMDR-FK-2022-17,FK,1,3,17,3,0,destock,2022,bacteria,3.919.779.729
GMDR-TB-2022-32,TB,2,3,32,4,25,destock,2022,bacteria,3.394.922.957
GMDR-TB-2022-14,TB,1,1,14,3,75,stable,2022,bacteria,3.454.681.943
GMDR-TB-2022-8,TB,1,3,8,1,75,destock,2022,bacteria,3.115.186.088
GMDR-TB-2022-19,TB,2,2,19,4,50,heavy,2022,bacteria,2.541.928.709
GMDR-FK-2022-29,FK,2,2,29,3,0,stable,2022,bacteria,3.981.953.172
GMDR-FK-2022-32,FK,2,3,32,2,25,heavy,2022,bacteria,3.948.859.019
GMDR-TB-2022-23,TB,2,2,23,6,0,heavy,2022,bacteria,2.702.742.316
GMDR-TB-2022-16,TB,1,1,16,4,25,stable,2022,bacteria,3.753.732.931
GMDR-FK-2022-54,FK,3,3,54,1,75,heavy,2022,bacteria,4.217.783.497
GMDR-FK-2022-48,FK,3,2,48,4,0,stable,2022,bacteria,3.979.274.756
GMDR-FK-2022-9,FK,1,2,9,1,0,heavy,2022,bacteria,357.701.841
GMDR-TB-2022-33,TB,2,3,33,5,75,destock,2022,bacteria,3.460.883.943
GMDR-TB-2022-48,TB,3,2,48,3,0,heavy,2022,bacteria,3.343.153.479
GMDR-FK-2022-33,FK,2,3,33,1,75,heavy,2022,bacteria,3.957.303.424
GMDR-FK-2022-37,FK,3,1,37,6,75,destock,2022,bacteria,3.657.453.877
GMDR-FK-2022-19,FK,2,1,19,1,50,destock,2022,bacteria,3.847.744.798
GMDR-FK-2022-10,FK,1,2,10,2,99,heavy,2022,bacteria,3.361.140.275
GMDR-TB-2022-42,TB,3,3,42,3,50,destock,2022,bacteria,3.321.393.904
GMDR-TB-2022-6,TB,1,2,6,2,25,heavy,2022,bacteria,3.574.189.214
GMDR-FK-2022-8,FK,1,2,8,2,75,heavy,2022,bacteria,3.689.828.744
GMDR-TB-2022-26,TB,2,1,26,1,75,stable,2022,bacteria,3.087.014.571
GMDR-FK-2022-51,FK,3,3,51,2,99,heavy,2022,bacteria,3.541.404.903
GMDR-FK-2022-12,FK,1,2,12,2,25,heavy,2022,bacteria,4.049.665.571
GMDR-FK-2022-31,FK,2,3,31,1,99,heavy,2022,bacteria,3.911.396.256
GMDR-TB-2022-15,TB,1,1,15,3,0,stable,2022,bacteria,3.675.023.348
GMDR-FK-2022-27,FK,2,2,27,3,50,stable,2022,bacteria,4.159.971.523
GMDR-FK-2022-13,FK,1,3,13,3,50,destock,2022,bacteria,3.359.613.756
GMDR-FK-2022-15,FK,1,3,15,3,0,destock,2022,bacteria,3.996.043.495
GMDR-FK-2022-41,FK,3,1,41,4,0,destock,2022,bacteria,3.524.492.878
GMDR-FK-2022-22,FK,2,1,22,2,75,destock,2022,bacteria,372.098.853
GMDR-FK-2022-45,FK,3,2,45,5,50,stable,2022,bacteria,3.554.676.596
GMDR-TB-2022-39,TB,3,3,39,2,0,destock,2022,bacteria,2.806.975.974
GMDR-TB-2022-34,TB,2,3,34,5,0,destock,2022,bacteria,3.576.100.462
GMDR-TB-2022-4,TB,1,2,4,2,0,heavy,2022,bacteria,355.591.834
GMDR-TB-2022-35,TB,2,3,35,6,50,destock,2022,bacteria,2.902.757.804
GMDR-TB-2022-38,TB,3,3,38,1,25,destock,2022,bacteria,2.704.424.383
GMDR-FK-2022-18,FK,1,3,18,4,99,destock,2022,bacteria,3.892.262.025
GMDR-FK-2022-5,FK,1,1,5,3,50,stable,2022,bacteria,4.019.367.257
GMDR-TB-2022-31,TB,2,3,31,4,99,destock,2022,bacteria,3.086.058.364
GMDR-TB-2022-46,TB,3,2,46,2,75,heavy,2022,bacteria,3.133.825.709
GMDR-TB-2022-28,TB,2,1,28,2,99,stable,2022,bacteria,3.147.107
GMDR-FK-2022-30,FK,2,2,30,4,25,stable,2022,bacteria,3.737.759.579
GMDR-FK-2022-21,FK,2,1,21,1,99,destock,2022,bacteria,3.838.090.883
GMDR-FK-2022-49,FK,3,3,49,3,50,heavy,2022,bacteria,3.888.704.468
GMDR-FK-2022-2,FK,1,1,2,4,99,stable,2022,bacteria,4.130.006.268
GMDR-FK-2022-36,FK,2,3,36,2,0,heavy,2022,bacteria,3.540.305.256
GMDR-TB-2022-17,TB,1,1,17,4,0,stable,2022,bacteria,328.172.085
GMDR-FK-2022-24,FK,2,1,24,2,25,destock,2022,bacteria,3.634.464.117
GMDR-FK-2022-47,FK,3,2,47,4,99,stable,2022,bacteria,40.644.121
GMDR-FK-2022-28,FK,2,2,28,4,99,stable,2022,bacteria,3.788.000.122
GMDR-TB-2022-43,TB,3,2,43,1,0,heavy,2022,bacteria,3.672.680.675
GMDR-TB-2022-20,TB,2,2,20,4,0,heavy,2022,bacteria,3.075.634.427
GMDR-FK-2022-34,FK,2,3,34,2,0,heavy,2022,bacteria,3.979.157.119
GMDR-FK-2022-50,FK,3,3,50,3,25,heavy,2022,bacteria,3.979.579.176
GMDR-TB-2022-47,TB,3,2,47,3,99,heavy,2022,bacteria,3.623.516.791
GMDR-FK-2022-43,FK,3,2,43,6,0,stable,2022,bacteria,3.609.374.279
GMDR-FK-2022-46,FK,3,2,46,5,75,stable,2022,bacteria,3.738.489.662
GMDR-FK-2022-3,FK,1,1,3,3,0,stable,2022,bacteria,3.852.012.874
GMDR-FK-2022-23,FK,2,1,23,1,0,destock,2022,bacteria,3.394.330.586
GMDR-FK-2022-20,FK,2,1,20,2,0,destock,2022,bacteria,3.363.758.936
GMDR-TB-2022-49,TB,3,1,49,4,50,stable,2022,bacteria,3.832.920.079
GMDR-FK-2022-52,FK,3,3,52,2,0,heavy,2022,bacteria,3.996.540.554
GMDR-TB-2022-50,TB,3,1,50,4,25,stable,2022,bacteria,3.499.728.402
GMDR-FK-2022-7,FK,1,2,7,1,0,heavy,2022,fungi,2.872.825.119
GMDR-TB-2022-11,TB,1,3,11,2,50,destock,2022,fungi,3.957.728.132
GMDR-TB-2022-24,TB,2,2,24,6,25,heavy,2022,fungi,4.032.055.326
GMDR-FK-2022-35,FK,2,3,35,1,50,heavy,2022,fungi,2.612.687.801
GMDR-TB-2022-44,TB,3,2,44,1,25,heavy,2022,fungi,396.117.862
GMDR-TB-2022-9,TB,1,3,9,1,0,destock,2022,fungi,3.498.302.514
GMDR-FK-2022-14,FK,1,3,14,4,75,destock,2022,fungi,2.830.539.867
GMDR-FK-2022-44,FK,3,2,44,6,25,stable,2022,fungi,3.024.497.951
GMDR-TB-2022-5,TB,1,2,5,2,50,heavy,2022,fungi,4.868.623.174
GMDR-FK-2022-39,FK,3,1,39,5,0,destock,2022,fungi,2.041.469.872
GMDR-FK-2022-16,FK,1,3,16,4,25,destock,2022,fungi,2.798.988.638
GMDR-FK-2022-38,FK,3,1,38,6,25,destock,2022,fungi,2.523.818.968
GMDR-TB-2022-13,TB,1,1,13,3,50,stable,2022,fungi,4.210.177.824
GMDR-FK-2022-6,FK,1,1,6,4,25,stable,2022,fungi,2.016.340.544
GMDR-TB-2022-7,TB,1,3,7,1,0,destock,2022,fungi,4.634.711.881
GMDR-TB-2022-3,TB,1,2,3,1,0,heavy,2022,fungi,5.456.875.866
GMDR-FK-2022-4,FK,1,1,4,4,0,stable,2022,fungi,192.782.692
GMDR-TB-2022-12,TB,1,3,12,2,25,destock,2022,fungi,3.170.652.448
GMDR-FK-2022-42,FK,3,1,42,4,50,destock,2022,fungi,2.618.943.339
GMDR-FK-2022-53,FK,3,3,53,1,0,heavy,2022,fungi,1.890.276.613
GMDR-FK-2022-40,FK,3,1,40,5,99,destock,2022,fungi,2.602.948.903
GMDR-FK-2022-1,FK,1,1,1,3,75,stable,2022,fungi,2.627.691.535
GMDR-FK-2022-17,FK,1,3,17,3,0,destock,2022,fungi,2.147.520.439
GMDR-TB-2022-32,TB,2,3,32,4,25,destock,2022,fungi,3.764.959.576
GMDR-TB-2022-14,TB,1,1,14,3,75,stable,2022,fungi,5.352.159.502
GMDR-TB-2022-8,TB,1,3,8,1,75,destock,2022,fungi,3.889.098.456
GMDR-TB-2022-19,TB,2,2,19,4,50,heavy,2022,fungi,4.041.384.856
GMDR-FK-2022-29,FK,2,2,29,3,0,stable,2022,fungi,2.225.352.266
GMDR-FK-2022-32,FK,2,3,32,2,25,heavy,2022,fungi,274.207.167
GMDR-TB-2022-23,TB,2,2,23,6,0,heavy,2022,fungi,4.138.588.268
GMDR-TB-2022-16,TB,1,1,16,4,25,stable,2022,fungi,6.061.834.742
GMDR-FK-2022-54,FK,3,3,54,1,75,heavy,2022,fungi,3.010.953.867
GMDR-FK-2022-48,FK,3,2,48,4,0,stable,2022,fungi,1.712.771.415
GMDR-FK-2022-9,FK,1,2,9,1,0,heavy,2022,fungi,2.622.222.657
GMDR-TB-2022-33,TB,2,3,33,5,75,destock,2022,fungi,4.357.420.512
GMDR-TB-2022-48,TB,3,2,48,3,0,heavy,2022,fungi,2.929.496.446
GMDR-FK-2022-33,FK,2,3,33,1,75,heavy,2022,fungi,2.507.839.644
GMDR-FK-2022-37,FK,3,1,37,6,75,destock,2022,fungi,2.624.432.154
GMDR-FK-2022-19,FK,2,1,19,1,50,destock,2022,fungi,249.822.043
GMDR-TB-2022-27,TB,2,1,27,2,50,stable,2022,fungi,3.459.593.405
GMDR-FK-2022-10,FK,1,2,10,2,99,heavy,2022,fungi,2.215.301.781
GMDR-TB-2022-42,TB,3,3,42,3,50,destock,2022,fungi,3.252.753.149
GMDR-TB-2022-6,TB,1,2,6,2,25,heavy,2022,fungi,4.574.682.477
GMDR-TB-2022-26,TB,2,1,26,1,75,stable,2022,fungi,4.354.842.193
GMDR-FK-2022-51,FK,3,3,51,2,99,heavy,2022,fungi,2.653.043.486
GMDR-FK-2022-12,FK,1,2,12,2,25,heavy,2022,fungi,3.157.674.974
GMDR-FK-2022-31,FK,2,3,31,1,99,heavy,2022,fungi,3.573.756.561
GMDR-TB-2022-15,TB,1,1,15,3,0,stable,2022,fungi,5.253.504.621
GMDR-FK-2022-27,FK,2,2,27,3,50,stable,2022,fungi,2.560.806.616
GMDR-TB-2022-25,TB,2,1,25,1,0,stable,2022,fungi,2.826.152.667
GMDR-FK-2022-15,FK,1,3,15,3,0,destock,2022,fungi,2.363.931.797
GMDR-FK-2022-41,FK,3,1,41,4,0,destock,2022,fungi,1.056.892.418
GMDR-FK-2022-22,FK,2,1,22,2,75,destock,2022,fungi,1.570.865.969
GMDR-FK-2022-45,FK,3,2,45,5,50,stable,2022,fungi,3.211.339.149
GMDR-TB-2022-39,TB,3,3,39,2,0,destock,2022,fungi,4.085.885.154
GMDR-TB-2022-34,TB,2,3,34,5,0,destock,2022,fungi,3.615.333.218
GMDR-TB-2022-4,TB,1,2,4,2,0,heavy,2022,fungi,4.580.881.983
GMDR-TB-2022-35,TB,2,3,35,6,50,destock,2022,fungi,3.302.240.223
GMDR-TB-2022-38,TB,3,3,38,1,25,destock,2022,fungi,3.377.220.552
GMDR-FK-2022-18,FK,1,3,18,4,99,destock,2022,fungi,3.043.051.811
GMDR-FK-2022-5,FK,1,1,5,3,50,stable,2022,fungi,281.605.216
GMDR-TB-2022-31,TB,2,3,31,4,99,destock,2022,fungi,3.409.669.354
GMDR-TB-2022-46,TB,3,2,46,2,75,heavy,2022,fungi,4.099.024.062
GMDR-TB-2022-28,TB,2,1,28,2,99,stable,2022,fungi,4.917.433.451
GMDR-FK-2022-30,FK,2,2,30,4,25,stable,2022,fungi,2.039.021.656
GMDR-FK-2022-49,FK,3,3,49,3,50,heavy,2022,fungi,2.958.917.686
GMDR-FK-2022-2,FK,1,1,2,4,99,stable,2022,fungi,334.629.029
GMDR-FK-2022-36,FK,2,3,36,2,0,heavy,2022,fungi,2.422.510.377
GMDR-TB-2022-17,TB,1,1,17,4,0,stable,2022,fungi,3.540.430.297
GMDR-FK-2022-24,FK,2,1,24,2,25,destock,2022,fungi,2.217.107.307
GMDR-FK-2022-47,FK,3,2,47,4,99,stable,2022,fungi,3.377.126.724
GMDR-FK-2022-28,FK,2,2,28,4,99,stable,2022,fungi,2.514.514.817
GMDR-TB-2022-43,TB,3,2,43,1,0,heavy,2022,fungi,3.895.661.789
GMDR-TB-2022-20,TB,2,2,20,4,0,heavy,2022,fungi,405.735.054
GMDR-FK-2022-34,FK,2,3,34,2,0,heavy,2022,fungi,2.467.915.838
GMDR-FK-2022-50,FK,3,3,50,3,25,heavy,2022,fungi,2.338.357.199
GMDR-TB-2022-47,TB,3,2,47,3,99,heavy,2022,fungi,3.496.162.435
GMDR-FK-2022-43,FK,3,2,43,6,0,stable,2022,fungi,2.929.675.494
GMDR-FK-2022-46,FK,3,2,46,5,75,stable,2022,fungi,2.885.395.903
GMDR-FK-2022-3,FK,1,1,3,3,0,stable,2022,fungi,2.625.697.879
GMDR-FK-2022-23,FK,2,1,23,1,0,destock,2022,fungi,2.229.139.198
GMDR-FK-2022-20,FK,2,1,20,2,0,destock,2022,fungi,1.572.091.467
GMDR-TB-2022-49,TB,3,1,49,4,50,stable,2022,fungi,3.400.527.221
GMDR-FK-2022-52,FK,3,3,52,2,0,heavy,2022,fungi,1.679.936.128
GMDR-TB-2022-50,TB,3,1,50,4,25,stable,2022,fungi,3.077.840.854