Index,Item,Category,Original Price,Discount Percentage,Date
1,Ball Pen Pack,Stationery,1468.48,23,2026-04-21
2,Dishwashing Liquid,Cleaning,2917.65,35,2026-07-02
3,Tape Roll,Stationery,2467.63,39,2026-03-24
4,LED Bulb 12W,Electrical,3643.53,36,2026-06-20
5,Ball Pen Pack,Stationery,2869.89,36,2026-08-22
6,Water Bottle 1L,Kitchen,4146.14,4,2026-08-17
7,Floor Cleaner,Cleaning,1701.09,38,2026-03-24
8,Mobile Charger,Electronics,1621.17,17,2026-03-21
9,Mobile Charger,Electronics,4510.06,6,2026-04-17
10,Notebook A4,Stationery,2230.19,10,2026-12-29
11,Floor Cleaner,Cleaning,3482.5,34,2026-09-21
12,Dishwashing Liquid,Cleaning,2966.49,26,2026-06-21
13,Mobile Charger,Electronics,2779.68,26,2026-12-20
14,LED Bulb 12W,Electrical,3949.59,16,2026-12-19
15,Screwdriver Set,Tools,845.25,36,2026-10-01
16,Storage Box,Household,4807.3,4,2026-05-17
17,Floor Cleaner,Cleaning,612.43,12,2026-11-09
18,Water Bottle 1L,Kitchen,2445.97,24,2026-11-03
19,Screwdriver Set,Tools,4141.2,28,2026-10-17
20,Floor Cleaner,Cleaning,708.25,9,2026-02-27
21,Water Bottle 1L,Kitchen,1670.24,3,2026-07-31
22,Storage Box,Household,2504.92,9,2026-08-28
23,Flashlight,Electrical,2252.75,13,2026-01-10
24,Mobile Charger,Electronics,1715.54,14,2026-12-11
25,LED Bulb 12W,Electrical,2019.5,39,2026-07-26
26,Floor Cleaner,Cleaning,2164.43,13,2026-08-03
27,Hammer,Tools,177.53,20,2026-04-09
28,USB Cable,Electronics,804.83,19,2026-08-05
29,Extension Cord,Electrical,725.85,34,2026-10-15
30,Notebook A4,Stationery,830.64,10,2026-06-21
31,Notebook A4,Stationery,2438.93,33,2026-12-29
32,LED Bulb 12W,Electrical,1569.17,31,2026-04-25
33,Hammer,Tools,2297.79,16,2026-08-30
34,Tape Roll,Stationery,2046.63,0,2026-07-11
35,Flashlight,Electrical,4971.19,25,2026-02-07
36,Hammer,Tools,1186.57,37,2026-10-30
37,Screwdriver Set,Tools,3740.69,15,2026-05-16
38,Floor Cleaner,Cleaning,4723.6,26,2026-08-07
39,Storage Box,Household,1273.2,0,2026-12-15
40,Ball Pen Pack,Stationery,1950.77,7,2026-11-29
41,USB Cable,Electronics,1784.49,8,2026-02-22
42,Storage Box,Household,4147.59,32,2026-09-05
43,USB Cable,Electronics,4653.9,33,2026-05-04
44,Dishwashing Liquid,Cleaning,4665.47,14,2026-09-30
45,Hammer,Tools,202.24,32,2026-07-05
46,Water Bottle 1L,Kitchen,2646.03,26,2026-11-27
47,Notebook A4,Stationery,1397.07,28,2026-07-13
48,LED Bulb 12W,Electrical,1288.84,30,2026-06-30
49,LED Bulb 12W,Electrical,2997.28,32,2026-08-22
50,Flashlight,Electrical,3665.03,23,2026-04-26
51,Mobile Charger,Electronics,1593.18,24,2026-01-15
52,Hammer,Tools,751.9,38,2026-10-31
53,Mobile Charger,Electronics,1180.34,31,2026-06-02
54,Tape Roll,Stationery,4308.85,38,2026-10-10
55,Floor Cleaner,Cleaning,1374.45,33,2026-05-05
56,Storage Box,Household,4694.77,14,2026-06-18
57,Tape Roll,Stationery,3725.31,34,2026-12-25
58,Mobile Charger,Electronics,4103.79,34,2026-11-04
59,LED Bulb 12W,Electrical,2366.15,34,2026-10-17
60,Notebook A4,Stationery,1442.62,18,2026-03-27
61,Flashlight,Electrical,4738.62,20,2026-01-06
62,Mobile Charger,Electronics,4006.27,9,2026-11-24
63,Hammer,Tools,1947.74,36,2026-01-07
64,Screwdriver Set,Tools,2560.91,2,2026-04-21
65,Tape Roll,Stationery,4992.96,9,2026-04-15
66,Storage Box,Household,4234.33,26,2026-08-02
67,Mobile Charger,Electronics,3938.4,28,2026-05-15
68,Tape Roll,Stationery,246.34,36,2026-05-25
69,Floor Cleaner,Cleaning,3094.83,33,2026-08-21
70,Water Bottle 1L,Kitchen,1479.46,19,2026-11-03
71,Ball Pen Pack,Stationery,2912.79,10,2026-10-19
72,USB Cable,Electronics,2610.13,21,2026-10-05
73,Storage Box,Household,3075.57,13,2026-04-07
74,Screwdriver Set,Tools,1474.37,25,2026-11-23
75,USB Cable,Electronics,133.1,24,2026-10-20
76,Floor Cleaner,Cleaning,3561.13,31,2026-06-10
77,Floor Cleaner,Cleaning,474.82,29,2026-07-24
78,Extension Cord,Electrical,4274.05,20,2026-12-12
79,LED Bulb 12W,Electrical,525.78,25,2026-04-14
80,Mobile Charger,Electronics,4959.48,39,2026-08-29
81,Ball Pen Pack,Stationery,4790.58,8,2026-06-12
82,Floor Cleaner,Cleaning,3785.04,16,2026-06-15
83,Hammer,Tools,2884.43,39,2026-09-24
84,Extension Cord,Electrical,2660.99,5,2026-09-02
85,Dishwashing Liquid,Cleaning,295.7,18,2026-12-09
86,Flashlight,Electrical,3845.8,8,2026-04-24
87,Ball Pen Pack,Stationery,3384.16,12,2026-04-20
88,Hammer,Tools,1872.37,39,2026-11-19
89,Plastic Bucket,Household,4557.51,32,2026-09-26
90,Screwdriver Set,Tools,1386.36,0,2026-12-02
91,Water Bottle 1L,Kitchen,978.72,7,2026-03-28
92,Water Bottle 1L,Kitchen,2345.52,14,2026-03-25
93,Floor Cleaner,Cleaning,4696.82,24,2026-09-04
94,USB Cable,Electronics,1863.07,27,2026-11-16
95,Hammer,Tools,1444.45,24,2026-03-18
96,Dishwashing Liquid,Cleaning,3255.19,16,2026-05-14
97,LED Bulb 12W,Electrical,4997.01,12,2026-11-13
98,LED Bulb 12W,Electrical,4454.48,36,2026-01-01
99,Plastic Bucket,Household,3370.68,40,2026-08-26
100,LED Bulb 12W,Electrical,3229.82,25,2026-03-30
101,Floor Cleaner,Cleaning,1643.85,15,2026-11-03
102,Dishwashing Liquid,Cleaning,1123.85,25,2026-08-17
103,Extension Cord,Electrical,4149.08,39,2026-04-14
104,Floor Cleaner,Cleaning,4529.92,15,2026-12-07
105,Notebook A4,Stationery,2691.94,37,2026-09-25
106,Mobile Charger,Electronics,1404.11,9,2026-02-24
107,Extension Cord,Electrical,3494.85,15,2026-10-20
108,Extension Cord,Electrical,2054.85,21,2026-07-17
109,Extension Cord,Electrical,4416.99,7,2026-03-07
110,Screwdriver Set,Tools,3574.04,26,2026-10-09
111,Notebook A4,Stationery,4293.88,20,2026-11-13
112,Floor Cleaner,Cleaning,4123.63,37,2026-10-28
113,Dishwashing Liquid,Cleaning,1613.55,32,2026-07-18
114,LED Bulb 12W,Electrical,3048.46,40,2026-06-24
115,Dishwashing Liquid,Cleaning,3448.45,17,2026-05-31
116,Storage Box,Household,2568.43,35,2026-03-29
117,Dishwashing Liquid,Cleaning,4216.8,36,2026-11-18
118,USB Cable,Electronics,2324.32,28,2026-06-23
119,Flashlight,Electrical,2888.3,13,2026-09-16
120,Hammer,Tools,3386.88,21,2026-05-14
121,Tape Roll,Stationery,301.8,22,2026-07-29
122,Dishwashing Liquid,Cleaning,197.4,7,2026-12-28
123,Extension Cord,Electrical,850.35,22,2026-06-04
124,Screwdriver Set,Tools,4476.48,3,2026-06-28
125,Floor Cleaner,Cleaning,2249.97,17,2026-06-25
126,Screwdriver Set,Tools,481.54,34,2026-02-23
127,Notebook A4,Stationery,532.84,30,2026-02-18
128,Mobile Charger,Electronics,1845.4,16,2026-01-27
129,Hammer,Tools,3969.67,34,2026-01-13
130,Ball Pen Pack,Stationery,2419.53,39,2026-08-11
131,Hammer,Tools,1296.21,21,2026-01-07
132,Floor Cleaner,Cleaning,3221.14,39,2026-01-23
133,LED Bulb 12W,Electrical,397.47,16,2026-08-18
134,Tape Roll,Stationery,1280.45,20,2026-06-10
135,Storage Box,Household,1311.84,16,2026-08-07
136,Notebook A4,Stationery,3283.75,24,2026-05-06
137,Notebook A4,Stationery,886.05,35,2026-07-01
138,Storage Box,Household,3077.48,35,2026-08-19
139,LED Bulb 12W,Electrical,2062.96,13,2026-04-21
140,Ball Pen Pack,Stationery,2848.3,17,2026-12-10
141,Screwdriver Set,Tools,3944.97,28,2026-01-30
142,Floor Cleaner,Cleaning,1444.51,38,2026-02-05
143,Ball Pen Pack,Stationery,3278.42,17,2026-03-31
144,Storage Box,Household,2392.75,4,2026-10-21
145,Water Bottle 1L,Kitchen,926.23,0,2026-09-09
146,Storage Box,Household,1286.05,36,2026-10-19
147,Screwdriver Set,Tools,3220.17,9,2026-07-27
148,Plastic Bucket,Household,2256.54,38,2026-07-16
149,LED Bulb 12W,Electrical,1141.48,37,2026-11-05
150,USB Cable,Electronics,4359.34,14,2026-09-11
151,LED Bulb 12W,Electrical,980.64,30,2026-09-05
152,Storage Box,Household,287.35,25,2026-05-08
153,Plastic Bucket,Household,655.94,28,2026-07-05
154,Mobile Charger,Electronics,4390.96,36,2026-11-21
155,Flashlight,Electrical,3748.64,17,2026-09-05
156,Extension Cord,Electrical,4989.89,8,2026-03-31
157,Hammer,Tools,3313.02,27,2026-01-15
158,Water Bottle 1L,Kitchen,416.09,37,2026-02-13
159,Screwdriver Set,Tools,4314.48,35,2026-07-30
160,Screwdriver Set,Tools,1925.7,4,2026-06-16
161,Notebook A4,Stationery,912.39,33,2026-09-23
162,Screwdriver Set,Tools,1253.21,30,2026-12-03
163,USB Cable,Electronics,2788.28,16,2026-11-06
164,Extension Cord,Electrical,1845.32,23,2026-06-08
165,Ball Pen Pack,Stationery,4025.91,22,2026-05-13
166,Ball Pen Pack,Stationery,1131.4,39,2026-09-19
167,Storage Box,Household,3285.49,1,2026-10-18
168,Hammer,Tools,4141.16,23,2026-03-22
169,Water Bottle 1L,Kitchen,4277.05,21,2026-11-27
170,Screwdriver Set,Tools,745.07,39,2026-11-15
171,Flashlight,Electrical,100.93,38,2026-07-02
172,Mobile Charger,Electronics,1553.07,25,2026-07-31
173,Flashlight,Electrical,1744.9,33,2026-09-03
174,Notebook A4,Stationery,2429.25,33,2026-07-26
175,Flashlight,Electrical,3614.45,33,2026-10-06
176,Hammer,Tools,4179.41,19,2026-11-01
177,Plastic Bucket,Household,1649.65,4,2026-10-30
178,Extension Cord,Electrical,1379.17,35,2026-04-19
179,Plastic Bucket,Household,4666.05,10,2026-01-31
180,Mobile Charger,Electronics,3387.61,16,2026-12-21
181,Hammer,Tools,495.93,21,2026-03-11
182,USB Cable,Electronics,2318.44,5,2026-12-16
183,Plastic Bucket,Household,4274.6,31,2026-07-26
184,Tape Roll,Stationery,2496.42,35,2026-01-28
185,USB Cable,Electronics,2763.07,22,2026-09-26
186,Tape Roll,Stationery,679.98,29,2026-03-18
187,Mobile Charger,Electronics,3078.22,12,2026-02-16
188,Plastic Bucket,Household,1340.49,5,2026-01-22
189,Extension Cord,Electrical,4830.46,9,2026-10-12
190,Notebook A4,Stationery,3494.56,30,2026-04-16
191,Flashlight,Electrical,3172.89,32,2026-09-06
192,Plastic Bucket,Household,3537.52,36,2026-02-03
193,Extension Cord,Electrical,1408.22,27,2026-03-03
194,Screwdriver Set,Tools,3805.53,5,2026-03-19
195,Mobile Charger,Electronics,3826.2,4,2026-01-05
196,Storage Box,Household,1641.98,16,2026-01-09
197,Floor Cleaner,Cleaning,1754.74,28,2026-01-27
198,Flashlight,Electrical,1300.08,18,2026-01-21
199,Water Bottle 1L,Kitchen,3991.84,10,2026-11-22
200,Dishwashing Liquid,Cleaning,3530.5,33,2026-07-10
201,LED Bulb 12W,Electrical,4566.54,39,2026-03-03
202,Plastic Bucket,Household,1038.9,18,2026-09-25
203,Dishwashing Liquid,Cleaning,168.94,2,2026-08-24
204,Ball Pen Pack,Stationery,2939.17,38,2026-08-07
205,LED Bulb 12W,Electrical,1607.77,19,2026-04-13
206,Flashlight,Electrical,888.66,37,2026-08-23
207,Tape Roll,Stationery,3419.95,31,2026-10-04
208,Dishwashing Liquid,Cleaning,4065.37,32,2026-10-02
209,Floor Cleaner,Cleaning,542.23,12,2026-01-31
210,Screwdriver Set,Tools,270.19,37,2026-12-10
211,Ball Pen Pack,Stationery,1569.6,29,2026-08-20
212,Extension Cord,Electrical,3362.54,17,2026-04-04
213,USB Cable,Electronics,2410.83,13,2026-05-12
214,Water Bottle 1L,Kitchen,1062.92,31,2026-03-27
215,Ball Pen Pack,Stationery,2083.62,32,2026-07-10
216,Plastic Bucket,Household,1131.96,23,2026-02-06
217,Hammer,Tools,3662.85,19,2026-12-18
218,Notebook A4,Stationery,2637.9,4,2026-08-25
219,Dishwashing Liquid,Cleaning,3930.71,3,2026-02-25
220,Mobile Charger,Electronics,2264.8,25,2026-02-10
221,Floor Cleaner,Cleaning,4976.03,18,2026-10-24
222,Notebook A4,Stationery,4653.44,37,2026-09-14
223,Floor Cleaner,Cleaning,3699.95,9,2026-06-13
224,Hammer,Tools,3301.7,38,2026-01-25
225,Plastic Bucket,Household,3467.79,32,2026-09-14
226,Dishwashing Liquid,Cleaning,206.99,39,2026-07-25
227,Flashlight,Electrical,805.97,33,2026-11-20
228,Notebook A4,Stationery,121.94,35,2026-10-26
229,Plastic Bucket,Household,2551.17,0,2026-12-10
230,Hammer,Tools,1290.0,33,2026-11-20
231,Hammer,Tools,1830.53,21,2026-11-30
232,Water Bottle 1L,Kitchen,1026.31,30,2026-01-14
233,Plastic Bucket,Household,3735.94,28,2026-04-20
234,Ball Pen Pack,Stationery,1749.94,33,2026-12-31
235,LED Bulb 12W,Electrical,4906.37,9,2026-02-25
236,Flashlight,Electrical,1149.72,19,2026-06-27
237,Notebook A4,Stationery,1999.04,37,2026-07-07
238,Flashlight,Electrical,3025.98,30,2026-10-02
239,Hammer,Tools,1325.3,3,2026-01-04
240,Extension Cord,Electrical,2826.22,17,2026-01-25
241,Mobile Charger,Electronics,1376.48,16,2026-03-13
242,LED Bulb 12W,Electrical,1165.66,40,2026-11-30
243,Dishwashing Liquid,Cleaning,3354.32,27,2026-01-06
244,Notebook A4,Stationery,1793.52,25,2026-10-07
245,Plastic Bucket,Household,4259.36,37,2026-06-08
246,USB Cable,Electronics,2699.71,1,2026-11-05
247,Extension Cord,Electrical,2394.41,39,2026-10-06
248,Notebook A4,Stationery,763.49,8,2026-10-01
249,Hammer,Tools,4142.86,1,2026-09-28
250,Dishwashing Liquid,Cleaning,2917.01,33,2026-08-14
251,Plastic Bucket,Household,4897.35,28,2026-05-03
252,Notebook A4,Stationery,2189.21,17,2026-07-04
253,Hammer,Tools,497.84,19,2026-01-23
254,Tape Roll,Stationery,4170.46,39,2026-12-07
255,Water Bottle 1L,Kitchen,4102.55,36,2026-08-30
256,Plastic Bucket,Household,1306.6,6,2026-12-19
257,Flashlight,Electrical,3333.15,35,2026-04-08
258,Notebook A4,Stationery,503.36,6,2026-04-06
259,Plastic Bucket,Household,4168.98,20,2026-07-01
260,Tape Roll,Stationery,3106.35,5,2026-12-24
261,Tape Roll,Stationery,4345.47,9,2026-04-02
262,Flashlight,Electrical,2902.29,11,2026-05-31
263,Mobile Charger,Electronics,2995.82,7,2026-09-25
264,USB Cable,Electronics,2225.37,38,2026-03-26
265,Storage Box,Household,3961.72,34,2026-09-09
266,Dishwashing Liquid,Cleaning,4642.58,3,2026-11-28
267,Flashlight,Electrical,4180.85,34,2026-06-18
268,Extension Cord,Electrical,4577.38,33,2026-11-16
269,USB Cable,Electronics,2974.8,8,2026-03-11
270,Hammer,Tools,1037.1,11,2026-11-26
271,Hammer,Tools,4393.83,11,2026-07-26
272,Tape Roll,Stationery,1599.86,2,2026-12-07
273,Tape Roll,Stationery,4265.22,30,2026-04-20
274,LED Bulb 12W,Electrical,2245.43,30,2026-03-27
275,Storage Box,Household,2534.2,9,2026-12-30
276,USB Cable,Electronics,585.96,3,2026-04-03
277,Storage Box,Household,833.02,7,2026-12-28
278,Extension Cord,Electrical,2846.9,36,2026-09-25
279,Water Bottle 1L,Kitchen,116.09,30,2026-03-27
280,Extension Cord,Electrical,3827.08,30,2026-09-13
281,Screwdriver Set,Tools,1054.41,16,2026-07-30
282,Water Bottle 1L,Kitchen,3146.34,3,2026-10-31
283,Ball Pen Pack,Stationery,2113.16,14,2026-02-07
284,Extension Cord,Electrical,1653.85,23,2026-12-27
285,Hammer,Tools,2352.76,28,2026-07-03
286,Flashlight,Electrical,988.68,19,2026-04-02
287,Plastic Bucket,Household,588.66,15,2026-08-19
288,Dishwashing Liquid,Cleaning,4499.34,6,2026-07-07
289,Notebook A4,Stationery,854.41,11,2026-10-20
290,Screwdriver Set,Tools,4904.81,6,2026-06-18
291,Tape Roll,Stationery,2207.81,21,2026-10-17
292,Tape Roll,Stationery,3433.93,17,2026-09-03
293,USB Cable,Electronics,3715.48,21,2026-01-30
294,Ball Pen Pack,Stationery,1288.5,28,2026-12-07
295,Flashlight,Electrical,3629.29,26,2026-02-02
296,Tape Roll,Stationery,4932.21,15,2026-03-01
297,Storage Box,Household,2235.62,3,2026-04-24
298,Dishwashing Liquid,Cleaning,4356.84,40,2026-07-08
299,Dishwashing Liquid,Cleaning,2870.98,22,2026-06-13
300,Ball Pen Pack,Stationery,3708.02,2,2026-10-16
301,Extension Cord,Electrical,236.97,15,2026-05-20
302,Notebook A4,Stationery,3940.67,15,2026-12-22
303,Dishwashing Liquid,Cleaning,2450.15,12,2026-05-11
304,Tape Roll,Stationery,781.17,1,2026-05-13
305,Ball Pen Pack,Stationery,4322.78,22,2026-05-16
306,Ball Pen Pack,Stationery,3370.27,12,2026-11-18
307,Water Bottle 1L,Kitchen,416.55,28,2026-12-02
308,Storage Box,Household,3415.32,32,2026-07-02
309,Ball Pen Pack,Stationery,441.7,1,2026-01-21
310,Tape Roll,Stationery,1118.99,29,2026-09-19
311,Plastic Bucket,Household,3542.94,3,2026-05-05
312,Mobile Charger,Electronics,4438.96,29,2026-11-15
313,Floor Cleaner,Cleaning,492.82,6,2026-12-28
314,Storage Box,Household,4062.34,7,2026-11-09
315,Plastic Bucket,Household,558.12,2,2026-12-07
316,Ball Pen Pack,Stationery,3956.45,12,2026-01-10
317,Ball Pen Pack,Stationery,4395.77,8,2026-05-21
318,USB Cable,Electronics,771.62,27,2027-01-01
319,Floor Cleaner,Cleaning,229.03,8,2026-05-26
320,Mobile Charger,Electronics,2572.57,14,2026-09-13
321,Extension Cord,Electrical,4743.2,38,2026-01-16
322,Mobile Charger,Electronics,2338.66,37,2026-08-29
323,Plastic Bucket,Household,4941.34,3,2026-11-03
324,Extension Cord,Electrical,3317.8,25,2026-01-31
325,Notebook A4,Stationery,4385.26,34,2026-10-06
326,Water Bottle 1L,Kitchen,2600.5,9,2026-05-18
327,Floor Cleaner,Cleaning,2906.86,5,2026-02-19
328,Extension Cord,Electrical,1407.54,28,2026-05-25
329,Plastic Bucket,Household,2024.24,33,2026-11-27
330,Storage Box,Household,4725.61,3,2026-04-16
331,Dishwashing Liquid,Cleaning,3969.65,27,2026-05-02
332,Notebook A4,Stationery,645.91,1,2026-08-15
333,Extension Cord,Electrical,2291.85,13,2026-08-20
334,Notebook A4,Stationery,360.96,9,2026-11-26
335,Plastic Bucket,Household,1973.69,7,2026-10-05
336,Water Bottle 1L,Kitchen,367.88,34,2026-02-25
337,Ball Pen Pack,Stationery,2927.99,33,2026-12-26
338,Ball Pen Pack,Stationery,508.22,9,2026-10-04
339,Plastic Bucket,Household,308.87,13,2026-06-13
340,Mobile Charger,Electronics,4044.61,31,2026-03-14
341,Water Bottle 1L,Kitchen,3341.11,5,2026-07-31
342,Hammer,Tools,2037.06,34,2026-01-31
343,Screwdriver Set,Tools,819.64,17,2026-11-25
344,Floor Cleaner,Cleaning,3928.66,24,2026-10-09
345,Extension Cord,Electrical,3416.26,32,2026-08-17
346,Plastic Bucket,Household,1399.18,7,2026-04-15
347,Plastic Bucket,Household,1438.62,25,2026-07-30
348,Extension Cord,Electrical,340.49,4,2026-10-04
349,Plastic Bucket,Household,4969.4,38,2026-01-25
350,Screwdriver Set,Tools,2280.28,25,2026-04-14
351,Water Bottle 1L,Kitchen,436.49,12,2026-05-04
352,Ball Pen Pack,Stationery,2464.46,20,2026-07-20
353,Flashlight,Electrical,3153.57,5,2026-05-29
354,Tape Roll,Stationery,2415.89,2,2026-08-18
355,Ball Pen Pack,Stationery,3068.08,25,2026-12-17
356,Extension Cord,Electrical,2412.46,21,2026-06-08
357,Plastic Bucket,Household,2373.27,31,2026-05-15
358,Floor Cleaner,Cleaning,700.27,39,2026-02-22
359,Flashlight,Electrical,4645.26,19,2026-03-26
360,Flashlight,Electrical,958.39,27,2026-08-07
361,Dishwashing Liquid,Cleaning,1234.46,15,2026-09-06
362,Storage Box,Household,3104.47,30,2026-12-08
363,LED Bulb 12W,Electrical,706.43,35,2026-02-11
364,Dishwashing Liquid,Cleaning,1552.22,32,2026-11-01
365,Water Bottle 1L,Kitchen,1524.39,34,2026-08-30
366,USB Cable,Electronics,2946.35,15,2026-04-27
367,Tape Roll,Stationery,600.38,22,2026-03-09
368,Ball Pen Pack,Stationery,4658.64,31,2026-09-14
369,Flashlight,Electrical,622.67,13,2026-02-27
370,Ball Pen Pack,Stationery,4048.75,19,2026-07-25
371,Notebook A4,Stationery,3602.16,5,2026-11-15
372,Screwdriver Set,Tools,2754.6,31,2026-02-18
373,USB Cable,Electronics,3285.23,7,2026-05-13
374,Extension Cord,Electrical,2752.94,27,2026-05-04
375,Screwdriver Set,Tools,328.47,16,2026-09-25
376,Mobile Charger,Electronics,645.37,25,2026-09-18
377,Floor Cleaner,Cleaning,157.81,24,2026-01-29
378,Floor Cleaner,Cleaning,4839.64,37,2026-12-30
379,Screwdriver Set,Tools,3273.63,36,2026-10-26
380,LED Bulb 12W,Electrical,3724.49,26,2026-06-05
381,USB Cable,Electronics,766.48,18,2026-07-30
382,Storage Box,Household,1536.39,27,2026-04-03
383,Floor Cleaner,Cleaning,4215.38,25,2026-06-04
384,Hammer,Tools,4749.25,20,2026-03-31
385,Plastic Bucket,Household,3012.22,7,2026-12-15
386,Extension Cord,Electrical,590.23,27,2026-04-29
387,Floor Cleaner,Cleaning,1073.77,29,2026-05-01
388,Tape Roll,Stationery,1350.05,15,2026-11-27
389,Flashlight,Electrical,1266.82,30,2026-12-15
390,Tape Roll,Stationery,3810.51,20,2026-01-31
391,LED Bulb 12W,Electrical,3474.01,19,2026-10-29
392,Storage Box,Household,4115.68,34,2026-08-15
393,Dishwashing Liquid,Cleaning,1510.14,9,2026-09-21
394,Storage Box,Household,4053.46,32,2026-06-11
395,LED Bulb 12W,Electrical,320.67,7,2026-01-22
396,LED Bulb 12W,Electrical,3030.55,40,2026-10-23
397,Notebook A4,Stationery,1777.06,13,2026-04-06
398,Screwdriver Set,Tools,2291.6,2,2026-01-10
399,Plastic Bucket,Household,1518.58,0,2026-03-25
400,Tape Roll,Stationery,1586.15,9,2026-05-02
401,Screwdriver Set,Tools,852.01,30,2026-11-09
402,Screwdriver Set,Tools,3512.09,38,2026-09-01
403,USB Cable,Electronics,311.89,40,2026-12-13
404,Floor Cleaner,Cleaning,3232.12,39,2026-02-04
405,Floor Cleaner,Cleaning,1785.78,16,2026-05-18
406,Extension Cord,Electrical,3688.24,14,2026-05-27
407,Floor Cleaner,Cleaning,1389.31,9,2026-02-04
408,Floor Cleaner,Cleaning,2669.18,20,2026-02-03
409,Floor Cleaner,Cleaning,4147.35,33,2026-10-31
410,LED Bulb 12W,Electrical,2986.0,32,2026-08-07
411,Hammer,Tools,474.49,29,2026-06-27
412,Storage Box,Household,2989.05,21,2026-12-11
413,Mobile Charger,Electronics,3247.66,39,2026-01-24
414,Tape Roll,Stationery,2459.63,6,2026-07-27
415,Notebook A4,Stationery,4498.75,23,2026-07-02
416,Flashlight,Electrical,4502.09,25,2026-02-15
417,Water Bottle 1L,Kitchen,1862.3,37,2026-07-14
418,Ball Pen Pack,Stationery,1780.21,19,2026-12-02
419,Tape Roll,Stationery,4658.99,4,2026-06-30
420,Floor Cleaner,Cleaning,1338.96,35,2026-05-22
421,USB Cable,Electronics,3052.42,36,2026-12-05
422,Floor Cleaner,Cleaning,2887.57,5,2026-08-15
423,LED Bulb 12W,Electrical,1174.78,8,2026-10-10
424,Dishwashing Liquid,Cleaning,446.28,7,2026-02-06
425,Tape Roll,Stationery,4471.56,14,2026-06-21
426,Storage Box,Household,2560.14,6,2026-12-28
427,Mobile Charger,Electronics,2970.77,40,2026-10-30
428,Hammer,Tools,4245.6,7,2026-01-04
429,Water Bottle 1L,Kitchen,3434.76,34,2026-02-25
430,Screwdriver Set,Tools,193.31,28,2026-12-08
431,Plastic Bucket,Household,877.51,17,2026-08-11
432,Ball Pen Pack,Stationery,4368.41,9,2026-03-18
433,Dishwashing Liquid,Cleaning,303.48,38,2026-06-06
434,Extension Cord,Electrical,3204.45,10,2026-02-02
435,LED Bulb 12W,Electrical,767.68,11,2026-02-09
436,Screwdriver Set,Tools,1025.69,32,2026-07-08
437,Hammer,Tools,612.47,16,2026-11-09
438,Dishwashing Liquid,Cleaning,2403.41,28,2026-11-23
439,Water Bottle 1L,Kitchen,964.49,0,2026-12-21
440,Ball Pen Pack,Stationery,2622.1,16,2026-09-06
441,Plastic Bucket,Household,197.69,12,2026-08-26
442,Water Bottle 1L,Kitchen,4518.47,8,2026-09-12
443,Ball Pen Pack,Stationery,736.04,18,2026-01-20
444,Notebook A4,Stationery,700.48,18,2026-08-21
445,Dishwashing Liquid,Cleaning,885.85,13,2026-07-25
446,Ball Pen Pack,Stationery,1160.58,30,2026-11-01
447,Plastic Bucket,Household,2120.81,18,2026-03-13
448,Water Bottle 1L,Kitchen,3518.84,28,2026-04-16
449,Mobile Charger,Electronics,3174.54,14,2026-10-12
450,Floor Cleaner,Cleaning,2613.0,16,2026-10-31
451,Floor Cleaner,Cleaning,4652.23,27,2026-03-24
452,Floor Cleaner,Cleaning,1679.93,31,2026-04-29
453,Extension Cord,Electrical,4822.73,21,2026-04-07
454,Hammer,Tools,4754.55,2,2026-01-11
455,Flashlight,Electrical,4467.9,8,2026-12-31
456,Extension Cord,Electrical,1727.11,15,2026-06-16
457,Extension Cord,Electrical,484.55,13,2026-11-05
458,USB Cable,Electronics,192.16,9,2026-03-03
459,Mobile Charger,Electronics,4034.47,14,2026-03-04
460,USB Cable,Electronics,1446.8,1,2026-03-08
461,Mobile Charger,Electronics,4645.98,14,2026-05-26
462,Floor Cleaner,Cleaning,4543.01,9,2026-12-16
463,Screwdriver Set,Tools,365.19,12,2026-04-20
464,Extension Cord,Electrical,330.58,34,2026-05-08
465,Hammer,Tools,1852.02,1,2026-01-11
466,Hammer,Tools,906.23,34,2026-05-25
467,Tape Roll,Stationery,2104.87,15,2026-01-02
468,Hammer,Tools,511.58,10,2026-03-30
469,Notebook A4,Stationery,4963.34,36,2026-07-26
470,Dishwashing Liquid,Cleaning,2998.0,31,2026-07-25
471,Plastic Bucket,Household,541.77,33,2026-08-14
472,Extension Cord,Electrical,3458.11,33,2026-04-18
473,Plastic Bucket,Household,2169.55,32,2026-06-28
474,Notebook A4,Stationery,437.29,37,2026-05-30
475,Tape Roll,Stationery,2312.31,13,2026-10-28
476,Mobile Charger,Electronics,962.49,22,2026-11-23
477,Plastic Bucket,Household,933.62,20,2026-09-24
478,Notebook A4,Stationery,2482.64,26,2026-06-01
479,Water Bottle 1L,Kitchen,4141.11,29,2026-01-10
480,Floor Cleaner,Cleaning,3488.39,9,2026-04-27
481,Flashlight,Electrical,3166.64,16,2026-08-06
482,Water Bottle 1L,Kitchen,3681.42,11,2026-11-06
483,LED Bulb 12W,Electrical,2533.36,31,2026-06-01
484,Hammer,Tools,1848.49,0,2026-05-15
485,Flashlight,Electrical,1646.32,0,2026-06-04
486,Notebook A4,Stationery,2835.19,40,2026-04-04
487,Storage Box,Household,4572.73,9,2026-12-01
488,Tape Roll,Stationery,1520.91,34,2026-07-11
489,Storage Box,Household,2401.85,13,2026-07-30
490,Water Bottle 1L,Kitchen,1417.75,20,2026-07-11
491,Screwdriver Set,Tools,4449.16,9,2026-03-19
492,Mobile Charger,Electronics,4454.89,17,2026-07-16
493,Notebook A4,Stationery,2941.05,31,2026-12-05
494,Ball Pen Pack,Stationery,2760.65,5,2026-08-26
495,Floor Cleaner,Cleaning,2839.98,14,2026-05-05
496,Hammer,Tools,4211.73,20,2026-04-27
497,Extension Cord,Electrical,2058.65,23,2026-06-26
498,Ball Pen Pack,Stationery,4850.36,1,2026-08-30
499,Tape Roll,Stationery,3162.2,36,2026-12-14
500,Floor Cleaner,Cleaning,2753.23,39,2026-04-29
501,Water Bottle 1L,Kitchen,448.76,18,2026-05-13
502,Extension Cord,Electrical,372.18,5,2026-10-29
503,Notebook A4,Stationery,767.13,33,2026-08-24
504,Dishwashing Liquid,Cleaning,3227.04,31,2026-05-11
505,Water Bottle 1L,Kitchen,1202.97,29,2026-11-30
506,Water Bottle 1L,Kitchen,2206.25,6,2026-10-05
507,Plastic Bucket,Household,406.35,1,2026-01-14
508,Hammer,Tools,4750.42,9,2026-10-31
509,Floor Cleaner,Cleaning,706.12,17,2026-05-25
510,Flashlight,Electrical,2459.05,10,2026-04-18
511,Flashlight,Electrical,2562.59,18,2026-04-22
512,Storage Box,Household,1697.3,6,2026-01-12
513,Storage Box,Household,3090.23,38,2026-12-06
514,LED Bulb 12W,Electrical,2911.99,28,2026-04-18
515,Plastic Bucket,Household,523.8,14,2026-01-26
516,Mobile Charger,Electronics,4519.26,20,2026-11-10
517,Storage Box,Household,3093.9,4,2026-08-04
518,Dishwashing Liquid,Cleaning,2870.01,5,2026-07-05
519,Water Bottle 1L,Kitchen,1266.49,39,2026-04-10
520,Ball Pen Pack,Stationery,1189.07,16,2026-04-30
521,USB Cable,Electronics,455.18,11,2026-10-14
522,Screwdriver Set,Tools,4161.22,8,2026-10-20
523,Floor Cleaner,Cleaning,250.47,30,2026-02-10
524,Floor Cleaner,Cleaning,2387.12,7,2026-12-28
525,Plastic Bucket,Household,333.51,0,2026-08-18
526,Water Bottle 1L,Kitchen,2324.17,24,2026-03-10
527,Plastic Bucket,Household,1822.02,36,2026-01-12
528,Tape Roll,Stationery,3883.7,29,2026-07-09
529,Floor Cleaner,Cleaning,2477.33,36,2026-02-22
530,Dishwashing Liquid,Cleaning,493.99,35,2026-01-03
531,Tape Roll,Stationery,1201.71,18,2026-04-22
532,Hammer,Tools,4485.33,34,2026-11-14
533,USB Cable,Electronics,1389.11,30,2026-06-08
534,Water Bottle 1L,Kitchen,960.87,30,2026-02-01
535,Floor Cleaner,Cleaning,1367.64,20,2026-05-11
536,USB Cable,Electronics,3978.38,6,2026-01-20
537,USB Cable,Electronics,2868.0,0,2026-01-02
538,LED Bulb 12W,Electrical,3984.42,28,2026-05-04
539,Water Bottle 1L,Kitchen,4534.65,4,2026-01-17
540,Water Bottle 1L,Kitchen,4925.13,26,2026-03-22
541,Mobile Charger,Electronics,1630.8,28,2026-09-19
542,Mobile Charger,Electronics,4020.21,1,2026-01-26
543,Hammer,Tools,2342.84,38,2026-06-02
544,Tape Roll,Stationery,3035.17,31,2026-06-15
545,Tape Roll,Stationery,3807.66,39,2026-11-05
546,Flashlight,Electrical,2222.98,9,2026-08-31
547,Tape Roll,Stationery,655.21,15,2026-11-21
548,Plastic Bucket,Household,3821.29,7,2026-01-09
549,USB Cable,Electronics,4477.41,15,2026-11-15
550,Ball Pen Pack,Stationery,1160.04,13,2026-05-23
551,Extension Cord,Electrical,4848.39,4,2026-07-15
552,Ball Pen Pack,Stationery,1747.3,28,2026-04-22
553,Water Bottle 1L,Kitchen,4273.67,23,2026-05-22
554,Ball Pen Pack,Stationery,4596.64,22,2026-08-16
555,Notebook A4,Stationery,4967.22,40,2026-02-04
556,Mobile Charger,Electronics,1590.27,30,2026-12-30
557,Screwdriver Set,Tools,3286.58,11,2026-04-19
558,Hammer,Tools,1441.62,35,2026-02-10
559,Dishwashing Liquid,Cleaning,3253.12,37,2026-08-08
560,LED Bulb 12W,Electrical,720.17,12,2026-07-17
561,Ball Pen Pack,Stationery,966.4,3,2026-07-08
562,Hammer,Tools,2313.84,5,2026-12-16
563,Storage Box,Household,4390.72,6,2026-06-04
564,Dishwashing Liquid,Cleaning,4871.72,21,2026-01-16
565,LED Bulb 12W,Electrical,350.91,9,2026-05-02
566,LED Bulb 12W,Electrical,2392.42,2,2026-12-22
567,Tape Roll,Stationery,2287.05,1,2026-02-21
568,Water Bottle 1L,Kitchen,4847.36,36,2026-04-04
569,Ball Pen Pack,Stationery,2846.56,20,2026-10-23
570,Plastic Bucket,Household,967.87,3,2026-03-11
571,Plastic Bucket,Household,3472.86,10,2026-11-01
572,Plastic Bucket,Household,2407.83,18,2026-10-28
573,Dishwashing Liquid,Cleaning,2456.41,39,2026-03-15
574,Ball Pen Pack,Stationery,1258.54,39,2026-02-24
575,Ball Pen Pack,Stationery,3211.29,12,2026-11-10
576,Dishwashing Liquid,Cleaning,2397.67,36,2026-05-12
577,Notebook A4,Stationery,165.78,39,2026-07-12
578,Mobile Charger,Electronics,2122.05,1,2026-06-03
579,Hammer,Tools,733.1,36,2026-08-23
580,Ball Pen Pack,Stationery,4795.04,35,2026-10-19
581,Tape Roll,Stationery,1302.55,18,2026-05-19
582,LED Bulb 12W,Electrical,4583.95,38,2026-12-05
583,Floor Cleaner,Cleaning,3412.42,32,2026-02-14
584,Flashlight,Electrical,3602.82,5,2026-11-24
585,Mobile Charger,Electronics,2236.15,15,2026-11-14
586,Plastic Bucket,Household,2194.44,38,2026-04-30
587,Floor Cleaner,Cleaning,2605.13,37,2026-02-06
588,Extension Cord,Electrical,4082.35,9,2026-11-08
589,Flashlight,Electrical,2554.69,38,2026-03-28
590,Water Bottle 1L,Kitchen,2546.26,4,2026-03-24
591,Plastic Bucket,Household,917.26,26,2026-07-10
592,Flashlight,Electrical,2980.48,14,2026-01-07
593,Notebook A4,Stationery,2025.47,26,2026-11-27
594,Mobile Charger,Electronics,2166.97,29,2026-12-16
595,Plastic Bucket,Household,1498.67,27,2026-09-30
596,Ball Pen Pack,Stationery,1592.36,24,2026-03-01
597,USB Cable,Electronics,3871.36,37,2026-12-30
598,LED Bulb 12W,Electrical,1543.81,24,2026-08-21
599,Hammer,Tools,3576.59,31,2026-08-12
600,Dishwashing Liquid,Cleaning,2005.75,15,2026-08-28
601,Plastic Bucket,Household,1016.54,1,2026-11-15
602,Screwdriver Set,Tools,3303.15,39,2026-02-23
603,Water Bottle 1L,Kitchen,2913.47,1,2026-07-18
604,Extension Cord,Electrical,2230.09,24,2026-12-05
605,Dishwashing Liquid,Cleaning,1840.08,23,2026-12-05
606,Dishwashing Liquid,Cleaning,4586.81,12,2026-06-05
607,Tape Roll,Stationery,2136.02,17,2026-05-29
608,USB Cable,Electronics,4948.64,24,2026-07-30
609,Storage Box,Household,823.5,0,2026-07-03
610,Screwdriver Set,Tools,2732.09,24,2026-01-21
611,Screwdriver Set,Tools,2871.7,27,2026-01-04
612,Hammer,Tools,4472.84,37,2026-02-03
613,Plastic Bucket,Household,3254.62,33,2026-12-18
614,Floor Cleaner,Cleaning,1811.52,1,2026-03-20
615,Extension Cord,Electrical,1551.83,36,2026-03-17
616,Tape Roll,Stationery,4385.61,28,2026-07-27
617,Water Bottle 1L,Kitchen,1058.37,37,2026-03-16
618,Plastic Bucket,Household,136.08,18,2026-10-14
619,Tape Roll,Stationery,3689.7,5,2026-06-22
620,Water Bottle 1L,Kitchen,1211.81,5,2026-02-15
621,Hammer,Tools,4239.87,10,2026-08-27
622,Dishwashing Liquid,Cleaning,4037.44,19,2026-03-16
623,Water Bottle 1L,Kitchen,4346.66,17,2026-11-27
624,Ball Pen Pack,Stationery,4986.43,14,2026-12-31
625,Tape Roll,Stationery,827.78,23,2026-05-07
626,USB Cable,Electronics,1712.86,11,2026-10-23
627,Ball Pen Pack,Stationery,3158.32,25,2026-09-11
628,Storage Box,Household,4274.3,30,2026-07-06
629,Screwdriver Set,Tools,4677.4,28,2026-11-10
630,Water Bottle 1L,Kitchen,1625.86,24,2026-10-27
631,Extension Cord,Electrical,4232.76,29,2026-10-04
632,Screwdriver Set,Tools,4733.18,12,2026-08-14
633,Screwdriver Set,Tools,1852.75,21,2026-11-16
634,Notebook A4,Stationery,1351.44,36,2026-10-28
635,Hammer,Tools,3355.83,37,2026-01-20
636,LED Bulb 12W,Electrical,2466.81,26,2026-09-27
637,Tape Roll,Stationery,773.59,15,2026-04-29
638,Storage Box,Household,2753.41,0,2026-03-11
639,Plastic Bucket,Household,368.47,4,2026-04-14
640,Screwdriver Set,Tools,2715.6,5,2026-07-22
641,Water Bottle 1L,Kitchen,3070.15,7,2026-03-29
642,Mobile Charger,Electronics,3534.87,21,2026-09-07
643,Screwdriver Set,Tools,1115.6,35,2026-11-18
644,Screwdriver Set,Tools,1623.32,27,2026-01-09
645,Plastic Bucket,Household,4897.96,10,2026-05-14
646,Water Bottle 1L,Kitchen,394.41,24,2026-06-07
647,Flashlight,Electrical,1241.01,2,2026-05-30
648,Plastic Bucket,Household,2994.58,1,2026-12-26
649,LED Bulb 12W,Electrical,1689.53,18,2026-08-16
650,Notebook A4,Stationery,1443.65,31,2026-09-12
651,Dishwashing Liquid,Cleaning,3230.12,15,2026-02-05
652,USB Cable,Electronics,4560.3,39,2026-12-23
653,Screwdriver Set,Tools,2243.23,8,2026-11-23
654,Flashlight,Electrical,621.99,14,2026-09-04
655,Plastic Bucket,Household,1299.68,3,2026-01-10
656,Dishwashing Liquid,Cleaning,2987.84,37,2026-01-28
657,Water Bottle 1L,Kitchen,4412.62,40,2026-02-07
658,Plastic Bucket,Household,4333.4,32,2026-03-01
659,Flashlight,Electrical,3542.43,20,2026-08-29
660,LED Bulb 12W,Electrical,3781.32,20,2026-10-09
661,Screwdriver Set,Tools,1587.86,21,2026-05-13
662,LED Bulb 12W,Electrical,3041.33,17,2026-09-18
663,Storage Box,Household,2659.64,15,2026-05-30
664,Ball Pen Pack,Stationery,655.06,16,2026-10-04
665,Storage Box,Household,2154.68,23,2026-07-30
666,Floor Cleaner,Cleaning,519.55,38,2026-07-03
667,Storage Box,Household,4444.6,34,2026-08-13
668,Mobile Charger,Electronics,3967.95,30,2026-01-22
669,Hammer,Tools,532.8,25,2026-10-24
670,Dishwashing Liquid,Cleaning,3090.58,1,2026-12-10
671,Plastic Bucket,Household,200.97,19,2026-03-24
672,Notebook A4,Stationery,2337.6,13,2026-05-20
673,Dishwashing Liquid,Cleaning,2017.3,18,2026-07-29
674,Dishwashing Liquid,Cleaning,4073.65,8,2026-07-04
675,Tape Roll,Stationery,317.19,19,2026-03-11
676,Tape Roll,Stationery,2387.73,9,2026-03-25
677,USB Cable,Electronics,4477.87,10,2026-01-29
678,LED Bulb 12W,Electrical,2249.33,15,2026-08-26
679,Hammer,Tools,3421.75,21,2026-11-11
680,Screwdriver Set,Tools,4178.43,3,2026-09-06
681,Plastic Bucket,Household,3208.58,19,2026-02-14
682,Extension Cord,Electrical,2557.94,38,2026-04-27
683,Water Bottle 1L,Kitchen,1593.9,27,2026-07-23
684,Notebook A4,Stationery,4393.59,16,2026-01-02
685,Tape Roll,Stationery,611.78,19,2026-05-22
686,Ball Pen Pack,Stationery,3088.39,40,2026-04-25
687,Screwdriver Set,Tools,3533.87,39,2026-02-14
688,Storage Box,Household,4418.41,35,2026-09-25
689,Water Bottle 1L,Kitchen,1620.84,13,2026-08-03
690,Dishwashing Liquid,Cleaning,2892.34,0,2026-04-29
691,Plastic Bucket,Household,4305.8,20,2026-07-05
692,Ball Pen Pack,Stationery,1473.73,39,2026-07-26
693,Notebook A4,Stationery,4035.92,6,2026-12-23
694,Water Bottle 1L,Kitchen,4680.29,19,2026-08-25
695,Screwdriver Set,Tools,290.44,33,2026-06-07
696,Water Bottle 1L,Kitchen,1108.19,28,2026-04-23
697,Plastic Bucket,Household,1801.55,35,2026-10-17
698,USB Cable,Electronics,4243.56,24,2026-05-14
699,Water Bottle 1L,Kitchen,3553.18,28,2026-03-22
700,LED Bulb 12W,Electrical,203.16,8,2026-05-22
701,Screwdriver Set,Tools,546.91,28,2026-04-28
702,Storage Box,Household,4118.95,35,2026-11-02
703,Storage Box,Household,2498.07,2,2026-07-18
704,Flashlight,Electrical,300.37,22,2026-10-30
705,Dishwashing Liquid,Cleaning,3973.27,32,2026-05-19
706,Flashlight,Electrical,2397.66,32,2026-07-30
707,Plastic Bucket,Household,1176.75,21,2026-11-05
708,Screwdriver Set,Tools,2238.05,22,2026-09-10
709,Flashlight,Electrical,1309.28,8,2026-06-23
710,Notebook A4,Stationery,3043.09,24,2026-04-03
711,Mobile Charger,Electronics,2929.94,40,2026-01-29
712,LED Bulb 12W,Electrical,1824.28,12,2026-03-28
713,Ball Pen Pack,Stationery,4403.24,6,2027-01-01
714,Flashlight,Electrical,4721.78,18,2026-11-15
715,LED Bulb 12W,Electrical,1829.36,31,2026-03-20
716,Floor Cleaner,Cleaning,4041.17,8,2026-04-13
717,Extension Cord,Electrical,4469.58,22,2026-12-10
718,Storage Box,Household,1151.96,27,2026-02-02
719,Extension Cord,Electrical,1254.44,35,2026-02-13
720,Hammer,Tools,2328.08,3,2026-11-08
721,Storage Box,Household,3104.65,24,2026-06-20
722,Tape Roll,Stationery,3243.9,4,2026-03-31
723,Flashlight,Electrical,866.68,28,2026-07-03
724,Mobile Charger,Electronics,3885.53,28,2026-09-05
725,Hammer,Tools,1862.29,36,2026-11-08
726,Notebook A4,Stationery,612.4,16,2026-01-08
727,Water Bottle 1L,Kitchen,3166.16,16,2026-07-12
728,Storage Box,Household,3639.72,19,2026-07-26
729,Extension Cord,Electrical,2595.32,9,2026-12-17
730,Extension Cord,Electrical,1992.1,34,2026-03-09
731,Notebook A4,Stationery,3171.24,2,2026-10-20
732,LED Bulb 12W,Electrical,1960.6,17,2026-04-05
733,Ball Pen Pack,Stationery,1794.48,15,2026-04-16
734,Dishwashing Liquid,Cleaning,3545.3,16,2026-05-18
735,Tape Roll,Stationery,4363.24,26,2026-05-25
736,Mobile Charger,Electronics,4410.76,39,2026-11-10
737,Water Bottle 1L,Kitchen,778.81,23,2026-09-08
738,USB Cable,Electronics,120.29,39,2026-09-11
739,Ball Pen Pack,Stationery,4871.35,32,2026-06-03
740,Hammer,Tools,4953.81,27,2026-06-11
741,Flashlight,Electrical,1383.41,11,2026-08-21
742,Screwdriver Set,Tools,4349.11,11,2026-11-29
743,Mobile Charger,Electronics,1485.88,13,2026-12-16
744,Notebook A4,Stationery,3844.5,8,2026-02-04
745,Water Bottle 1L,Kitchen,2643.68,9,2026-01-16
746,Extension Cord,Electrical,3341.17,38,2026-06-02
747,Flashlight,Electrical,670.09,9,2026-04-16
748,Notebook A4,Stationery,2254.42,36,2026-07-25
749,USB Cable,Electronics,1266.16,24,2026-11-18
750,Floor Cleaner,Cleaning,2524.94,4,2026-02-24
751,Flashlight,Electrical,1408.54,25,2026-06-22
752,Hammer,Tools,3639.76,27,2026-04-07
753,Tape Roll,Stationery,4750.53,22,2026-02-10
754,Notebook A4,Stationery,4698.27,1,2026-08-14
755,Water Bottle 1L,Kitchen,2548.69,1,2026-12-09
756,Water Bottle 1L,Kitchen,395.64,4,2026-09-12
757,Ball Pen Pack,Stationery,4120.06,25,2026-01-19
758,Floor Cleaner,Cleaning,715.16,28,2026-06-12
759,Tape Roll,Stationery,4303.54,21,2026-07-10
760,USB Cable,Electronics,1863.13,7,2026-09-04
761,Tape Roll,Stationery,3240.72,19,2026-07-04
762,Storage Box,Household,4734.88,32,2026-08-14
763,Mobile Charger,Electronics,4759.24,24,2026-12-22
764,Screwdriver Set,Tools,2415.44,20,2026-07-04
765,Extension Cord,Electrical,2606.83,30,2026-12-26
766,Storage Box,Household,2978.98,32,2026-09-10
767,Ball Pen Pack,Stationery,4489.14,37,2026-08-16
768,Water Bottle 1L,Kitchen,1923.9,16,2026-09-04
769,Mobile Charger,Electronics,350.22,5,2026-07-05
770,Ball Pen Pack,Stationery,2634.2,18,2026-02-23
771,Notebook A4,Stationery,3386.3,0,2026-01-24
772,Plastic Bucket,Household,782.05,4,2026-11-08
773,Water Bottle 1L,Kitchen,2737.68,18,2026-02-05
774,Notebook A4,Stationery,4302.65,25,2026-01-03
775,Screwdriver Set,Tools,422.73,8,2026-04-26
776,Flashlight,Electrical,2942.39,17,2026-01-09
777,Screwdriver Set,Tools,2183.24,5,2026-03-07
778,Plastic Bucket,Household,3801.13,35,2026-03-31
779,Water Bottle 1L,Kitchen,2885.11,25,2026-03-22
780,USB Cable,Electronics,1244.44,32,2026-09-17
781,USB Cable,Electronics,1517.43,37,2026-09-09
782,Storage Box,Household,4776.52,28,2026-05-28
783,LED Bulb 12W,Electrical,4229.27,35,2026-07-13
784,Water Bottle 1L,Kitchen,2913.31,31,2026-02-13
785,Hammer,Tools,3545.08,20,2026-02-02
786,Storage Box,Household,2064.02,1,2026-08-23
787,Hammer,Tools,3790.95,40,2026-09-08
788,USB Cable,Electronics,3144.43,1,2026-07-13
789,Tape Roll,Stationery,2269.17,7,2026-07-31
790,Hammer,Tools,2445.07,23,2027-01-01
791,Floor Cleaner,Cleaning,379.76,15,2026-05-03
792,LED Bulb 12W,Electrical,1757.21,31,2026-06-06
793,Hammer,Tools,2007.02,27,2026-04-22
794,Floor Cleaner,Cleaning,1672.6,24,2026-11-17
795,Storage Box,Household,1820.61,13,2026-03-10
796,Tape Roll,Stationery,1380.2,36,2026-05-06
797,USB Cable,Electronics,1337.41,36,2026-02-11
798,Flashlight,Electrical,2983.54,18,2026-07-19
799,Notebook A4,Stationery,3814.36,25,2026-03-09
800,Flashlight,Electrical,1262.05,38,2026-11-09
801,Extension Cord,Electrical,1115.74,18,2026-05-03
802,Ball Pen Pack,Stationery,3609.95,22,2026-11-04
803,LED Bulb 12W,Electrical,4023.52,15,2026-01-18
804,USB Cable,Electronics,1031.0,14,2026-09-11
805,Storage Box,Household,1481.89,29,2026-06-12
806,Water Bottle 1L,Kitchen,4985.78,4,2026-04-06
807,LED Bulb 12W,Electrical,1958.04,21,2026-06-25
808,LED Bulb 12W,Electrical,2008.24,21,2026-12-11
809,Storage Box,Household,2778.03,9,2026-05-02
810,LED Bulb 12W,Electrical,1980.9,17,2026-07-12
811,USB Cable,Electronics,1909.76,0,2026-05-14
812,LED Bulb 12W,Electrical,232.14,26,2026-03-18
813,Floor Cleaner,Cleaning,776.48,25,2026-02-02
814,Floor Cleaner,Cleaning,3891.2,13,2026-07-26
815,Tape Roll,Stationery,3628.35,35,2026-04-03
816,USB Cable,Electronics,2016.61,6,2026-02-23
817,LED Bulb 12W,Electrical,2086.85,0,2026-03-27
818,Floor Cleaner,Cleaning,2653.54,15,2026-11-24
819,Notebook A4,Stationery,3947.08,22,2026-04-13
820,Tape Roll,Stationery,1178.31,34,2026-09-23
821,Tape Roll,Stationery,3327.25,28,2026-03-02
822,Storage Box,Household,1611.72,2,2026-12-15
823,USB Cable,Electronics,423.37,27,2026-05-13
824,Hammer,Tools,4957.34,32,2026-11-28
825,Plastic Bucket,Household,1079.37,15,2026-12-14
826,Water Bottle 1L,Kitchen,2376.54,40,2026-06-27
827,Tape Roll,Stationery,841.11,32,2026-06-27
828,Mobile Charger,Electronics,3822.77,16,2026-09-15
829,LED Bulb 12W,Electrical,4552.93,0,2026-01-03
830,Ball Pen Pack,Stationery,814.23,3,2026-05-21
831,Notebook A4,Stationery,854.92,20,2026-11-12
832,Storage Box,Household,2119.35,31,2026-06-07
833,Plastic Bucket,Household,107.89,6,2026-06-09
834,Flashlight,Electrical,3315.56,2,2026-10-08
835,Hammer,Tools,2681.27,6,2026-05-02
836,Plastic Bucket,Household,4424.01,4,2026-11-27
837,Extension Cord,Electrical,2221.8,19,2026-08-17
838,Flashlight,Electrical,3785.01,5,2026-07-30
839,Ball Pen Pack,Stationery,540.22,0,2026-02-06
840,Extension Cord,Electrical,686.04,23,2026-11-26
841,Hammer,Tools,3211.98,37,2026-09-17
842,Notebook A4,Stationery,165.93,3,2026-04-30
843,Plastic Bucket,Household,667.89,34,2026-05-17
844,Tape Roll,Stationery,2024.84,18,2026-03-09
845,Water Bottle 1L,Kitchen,1137.44,29,2026-07-16
846,Flashlight,Electrical,1271.5,5,2026-08-28
847,Extension Cord,Electrical,3263.4,4,2026-01-05
848,Tape Roll,Stationery,2836.29,3,2026-05-28
849,Tape Roll,Stationery,1562.05,10,2026-11-18
850,Floor Cleaner,Cleaning,4205.6,11,2026-12-26
851,Hammer,Tools,100.65,34,2026-06-23
852,USB Cable,Electronics,3819.84,7,2026-08-19
853,Extension Cord,Electrical,843.07,32,2026-04-04
854,Ball Pen Pack,Stationery,3893.7,33,2026-08-06
855,Storage Box,Household,1070.02,40,2026-02-03
856,Tape Roll,Stationery,2679.66,3,2026-03-06
857,Screwdriver Set,Tools,4981.49,18,2026-09-11
858,Plastic Bucket,Household,2902.32,26,2026-06-26
859,Hammer,Tools,4182.4,8,2026-08-17
860,LED Bulb 12W,Electrical,1573.08,11,2026-10-17
861,Dishwashing Liquid,Cleaning,775.75,14,2026-11-02
862,Mobile Charger,Electronics,4537.09,24,2026-06-17
863,LED Bulb 12W,Electrical,4192.14,6,2026-12-13
864,Flashlight,Electrical,4879.35,17,2026-12-20
865,Notebook A4,Stationery,3000.5,21,2026-09-15
866,Hammer,Tools,535.39,7,2026-04-20
867,Flashlight,Electrical,1536.22,7,2026-10-11
868,Mobile Charger,Electronics,3609.09,30,2026-01-28
869,USB Cable,Electronics,191.6,29,2026-07-12
870,Water Bottle 1L,Kitchen,3983.22,5,2026-03-31
871,Water Bottle 1L,Kitchen,2299.0,24,2026-06-27
872,Dishwashing Liquid,Cleaning,3243.2,6,2026-09-01
873,Storage Box,Household,604.85,5,2026-05-26
874,Mobile Charger,Electronics,3574.18,4,2026-08-02
875,Screwdriver Set,Tools,4913.38,14,2026-03-25
876,Screwdriver Set,Tools,2827.59,10,2026-11-07
877,Hammer,Tools,2027.96,6,2026-09-22
878,LED Bulb 12W,Electrical,2260.36,36,2026-03-22
879,Flashlight,Electrical,4787.11,5,2026-12-28
880,Screwdriver Set,Tools,3305.88,37,2026-05-12
881,LED Bulb 12W,Electrical,1423.63,15,2026-03-02
882,Storage Box,Household,3748.25,17,2026-02-08
883,Notebook A4,Stationery,1464.42,19,2026-02-15
884,Flashlight,Electrical,4093.08,29,2026-07-22
885,Notebook A4,Stationery,1386.5,10,2026-07-16
886,Mobile Charger,Electronics,3041.66,22,2026-12-12
887,Water Bottle 1L,Kitchen,2655.01,8,2026-12-15
888,Hammer,Tools,815.86,19,2026-01-17
889,Extension Cord,Electrical,3668.53,32,2026-05-26
890,Water Bottle 1L,Kitchen,1035.95,7,2026-05-23
891,Mobile Charger,Electronics,2291.9,38,2026-12-20
892,Plastic Bucket,Household,2805.83,27,2026-12-17
893,Floor Cleaner,Cleaning,1342.87,8,2026-02-21
894,Water Bottle 1L,Kitchen,4176.28,31,2026-02-17
895,Floor Cleaner,Cleaning,2995.64,3,2026-02-26
896,Ball Pen Pack,Stationery,3795.92,21,2026-02-19
897,Ball Pen Pack,Stationery,2084.61,12,2026-08-01
898,Floor Cleaner,Cleaning,1918.89,7,2026-09-13
899,Screwdriver Set,Tools,1487.75,26,2026-03-31
900,Flashlight,Electrical,1845.45,35,2026-04-29
901,Dishwashing Liquid,Cleaning,856.89,7,2026-06-09
902,LED Bulb 12W,Electrical,2523.99,1,2026-05-25
903,Floor Cleaner,Cleaning,4611.78,28,2026-10-14
904,Notebook A4,Stationery,2786.08,38,2026-11-04
905,Water Bottle 1L,Kitchen,2807.37,0,2026-10-09
906,Notebook A4,Stationery,3507.73,3,2026-01-23
907,Mobile Charger,Electronics,3247.86,33,2026-05-09
908,Water Bottle 1L,Kitchen,1920.85,3,2026-02-27
909,Dishwashing Liquid,Cleaning,3987.22,32,2026-01-22
910,Storage Box,Household,3143.62,13,2026-05-31
911,Plastic Bucket,Household,3985.43,7,2026-03-06
912,Storage Box,Household,3847.47,15,2026-09-14
913,Tape Roll,Stationery,2352.79,1,2026-08-29
914,Floor Cleaner,Cleaning,2931.75,2,2026-07-12
915,USB Cable,Electronics,2876.13,32,2026-07-11
916,Water Bottle 1L,Kitchen,4748.82,16,2026-08-24
917,Hammer,Tools,4366.81,1,2026-10-04
918,Ball Pen Pack,Stationery,3517.31,21,2026-06-04
919,Dishwashing Liquid,Cleaning,2014.01,20,2026-06-26
920,Tape Roll,Stationery,1952.23,6,2026-04-13
921,Extension Cord,Electrical,471.93,15,2026-07-07
922,Notebook A4,Stationery,4215.21,29,2026-11-09
923,Plastic Bucket,Household,1411.68,2,2026-07-11
924,Flashlight,Electrical,2962.47,25,2026-09-12
925,Notebook A4,Stationery,2176.17,5,2026-06-23
926,Mobile Charger,Electronics,3324.46,40,2026-06-03
927,Flashlight,Electrical,200.84,3,2026-02-05
928,LED Bulb 12W,Electrical,3046.52,35,2026-07-26
929,Notebook A4,Stationery,911.69,17,2026-09-11
930,Extension Cord,Electrical,4114.01,27,2026-03-02
931,Screwdriver Set,Tools,2953.2,1,2026-04-09
932,Notebook A4,Stationery,3988.0,18,2026-01-24
933,Screwdriver Set,Tools,4399.38,37,2026-08-09
934,Water Bottle 1L,Kitchen,4536.26,16,2026-09-13
935,LED Bulb 12W,Electrical,3176.07,6,2026-08-01
936,Hammer,Tools,406.13,21,2026-06-25
937,Dishwashing Liquid,Cleaning,1129.2,3,2026-04-09
938,Tape Roll,Stationery,493.99,37,2026-04-24
939,Flashlight,Electrical,1700.09,16,2026-08-27
940,Screwdriver Set,Tools,2726.98,40,2026-12-23
941,Flashlight,Electrical,3428.02,35,2026-07-27
942,Water Bottle 1L,Kitchen,3454.75,9,2026-11-28
943,Tape Roll,Stationery,3802.26,33,2026-11-02
944,Tape Roll,Stationery,1400.72,3,2026-07-03
945,Ball Pen Pack,Stationery,2811.72,19,2026-04-14
946,Notebook A4,Stationery,2999.8,30,2026-10-29
947,Tape Roll,Stationery,4052.22,7,2026-03-19
948,Screwdriver Set,Tools,4675.04,25,2026-04-09
949,Screwdriver Set,Tools,2152.7,3,2026-10-02
950,Water Bottle 1L,Kitchen,685.06,3,2026-05-27
951,Tape Roll,Stationery,2055.57,0,2026-09-14
952,Screwdriver Set,Tools,416.86,32,2026-07-27
953,USB Cable,Electronics,4579.35,11,2026-05-04
954,Plastic Bucket,Household,3690.41,16,2026-06-20
955,LED Bulb 12W,Electrical,3091.89,39,2026-06-28
956,Hammer,Tools,1750.1,11,2026-02-22
957,Plastic Bucket,Household,631.96,37,2026-11-06
958,Hammer,Tools,3127.02,15,2026-11-08
959,Dishwashing Liquid,Cleaning,2756.35,39,2026-03-13
960,Tape Roll,Stationery,1520.8,20,2026-04-08
961,Screwdriver Set,Tools,4287.92,11,2026-03-17
962,USB Cable,Electronics,394.78,13,2026-11-20
963,Ball Pen Pack,Stationery,4744.64,16,2026-08-31
964,Floor Cleaner,Cleaning,2782.15,35,2026-06-03
965,Plastic Bucket,Household,2365.22,16,2026-09-22
966,Water Bottle 1L,Kitchen,4394.79,34,2026-07-19
967,Dishwashing Liquid,Cleaning,2873.04,18,2026-02-25
968,Flashlight,Electrical,2465.26,29,2026-09-22
969,Hammer,Tools,2196.63,4,2026-11-26
970,Floor Cleaner,Cleaning,4514.04,31,2026-12-31
971,Floor Cleaner,Cleaning,3703.86,0,2026-12-27
972,Flashlight,Electrical,2831.95,33,2026-01-28
973,USB Cable,Electronics,665.8,24,2026-07-22
974,Extension Cord,Electrical,1976.88,15,2026-08-19
975,Water Bottle 1L,Kitchen,607.08,32,2026-04-04
976,Flashlight,Electrical,4546.25,7,2026-03-12
977,Mobile Charger,Electronics,3159.78,10,2026-04-29
978,Dishwashing Liquid,Cleaning,2283.02,1,2026-03-30
979,Plastic Bucket,Household,2663.51,31,2026-05-01
980,Floor Cleaner,Cleaning,423.91,24,2026-11-05
981,Ball Pen Pack,Stationery,551.62,8,2026-09-18
982,Flashlight,Electrical,4593.07,1,2027-01-01
983,LED Bulb 12W,Electrical,3236.06,18,2026-12-04
984,USB Cable,Electronics,3712.51,7,2026-12-24
985,Hammer,Tools,235.47,19,2026-12-27
986,Notebook A4,Stationery,2095.04,25,2026-12-08
987,Ball Pen Pack,Stationery,4054.92,21,2026-03-29
988,Water Bottle 1L,Kitchen,4846.98,10,2026-12-04
989,USB Cable,Electronics,4773.09,5,2026-11-04
990,Floor Cleaner,Cleaning,3022.47,6,2026-05-27
991,Floor Cleaner,Cleaning,4595.83,15,2026-07-06
992,Water Bottle 1L,Kitchen,230.33,15,2026-09-28
993,Screwdriver Set,Tools,3340.2,7,2026-10-10
994,Screwdriver Set,Tools,4244.17,21,2026-07-21
995,USB Cable,Electronics,2108.95,27,2026-12-27
996,Tape Roll,Stationery,1933.36,17,2026-08-16
997,Extension Cord,Electrical,1853.9,39,2026-02-25
998,Extension Cord,Electrical,4920.43,27,2026-05-30
999,Extension Cord,Electrical,344.81,18,2026-05-10
1000,USB Cable,Electronics,4471.32,7,2026-07-17
