Character_ID,Name,Alias,Status,Gender,Age,Height,Weight,Race,Affiliation,Family,Mentor,Rank,Breathing_Style,Demon_Art,Weapon,Special_Abilities,First_Appearance,Last_Appearance,Allies,Enemies,Personality,Voice_Actor_Japanese,Voice_Actor_English,Role
1,Tanjiro Kamado,Child of Brightness,Alive,Male,16,165 cm,61 kg,Human,Demon Slayer Corps,"Nezuko Kamado,Kie Kamado,Tanjuro Kamado,Hanako Kamado,Shigeru Kamado,Takeo Kamado,Rokuta Kamado",Sakonji Urokodaki,Mizunoto,Water Breathing,null,Nichirin Sword,"Enhanced smell,Demon Slayer Mark,Adaptive fighting style",Manga Chapter 1,null,"Nezuko Kamado,Zenitsu Agatsuma,Inosuke Hashibira,Hashira","Muzan Kibutsuji,Demons","Kind,Empathetic,Determined",Natsuki Hanae,Zach Aguilar,Protagonist
2,Nezuko Kamado,null,Alive,Female,14,153 cm,45 kg,Hybrid,Demon Slayer Corps,"Tanjiro Kamado (brother), Kie Kamado (mother), Tanjuro Kamado (father), Hanako Kamado (sister), Shigeru Kamado (brother), Takeo Kamado (brother), Rokuta Kamado (brother)",null,null,null,null,null,null,Manga Chapter 1,null,"Tanjiro Kamado, Zenitsu Agatsuma, Inosuke Hashibira, Hashira","Muzan Kibutsuji, Demons","Protective, Compassionate, Strong-willed",Akari Kito,Abby Trott,Deuteragonist
3,Zenitsu Agatsuma,null,Alive,Male,16,164 cm,53 kg,Human,Demon Slayer Corps,null,null,null,Thunder Breathing,null,Nichirin Sword,"Super hearing, Enhanced speed and reflexes, Lightning-fast attack",Manga Chapter 1,null,"Tanjiro Kamado, Nezuko Kamado, Inosuke Hashibira",Demons,"Cowardly, Timid, Loyal, Compassionate",Hiro Shimono,Aleks Le,Tertiary Protagonist
4,Inosuke Hashibira,null,Alive,Male,15,165 cm,55 kg,Human,Demon Slayer Corps,null,null,null,Beast Breathing,null,Dual Nichirin Swords,"Enhanced smell, Superhuman strength and agility, Adaptive combat style",Manga Chapter 1,null,"Tanjiro Kamado, Nezuko Kamado, Zenitsu Agatsuma",Demons,"Hot-headed, Reckless, Brave, Loyal",Yoshitsugu Matsuoka,Bryce Papenbrook,Tertiary Protagonist
5,Kanao Tsuyuri,null,Alive,Female,16,158 cm,45 kg,Human,Demon Slayer Corps,null,Shinobu Kocho,null,Flower Breathing,null,Nichirin Sword,"Enhanced reflexes, Exceptional swordsmanship, Calm demeanor",Manga Chapter 23,null,"Tanjiro Kamado, Nezuko Kamado, Zenitsu Agatsuma, Inosuke Hashibira",Demons,"Quiet, Observant, Disciplined, Loyal",Nao Toyama,Brianna Knickerbocker,Supporting Protagonist
6,Genya Shinazugawa,null,Alive,Male,17,170 cm,60 kg,Human,Demon Slayer Corps,"Sanemi Shinazugawa (older brother), null",null,null,null,null,Gun-like Nichirin Sword,"Ability to consume demon flesh for temporary powers, Enhanced combat skills",Manga Chapter 30,null,"Tanjiro Kamado, Nezuko Kamado, Zenitsu Agatsuma, Inosuke Hashibira, Hashira",Demons,"Hot-headed, Determined, Loyal, Impulsive",Kensho Ono,Zach Aguilar,null
7,Giyu Tomioka,null,Alive,Male,20,176 cm,65 kg,Human,Demon Slayer Corps,null,null,Hashira,Water Breathing,null,Nichirin Sword,"Exceptional swordsmanship, Enhanced reflexes, Calm and strategic mind",Manga Chapter 1,null,"Tanjiro Kamado, Hashira",Demons,"Calm, Stoic, Serious, Loyal",Takahiro Sakurai,Johnny Yong Bosch,null
8,Mitsuri Kanroji,Love Hashira,Alive,Female,19,168 cm,54 kg,Human,Demon Slayer Corps,null,null,Hashira,Love Breathing,null,Nichirin Sword (Whip-like),"Superhuman strength, Enhanced agility, Exceptional swordsmanship",Manga Chapter 45,null,"Tanjiro Kamado, Nezuko Kamado, Zenitsu Agatsuma, Inosuke Hashibira, Hashira",Demons,"Cheerful, Loving, Passionate, Loyal",Romi Park,Cherami Leigh,Supporting Protagonist
9,Obanai Iguro,Serpent Hashira,Deceased,Male,21,165 cm,58 kg,Human,Demon Slayer Corps,null,null,Hashira,Serpent Breathing,null,Nichirin Sword (White with serrated edge),"Enhanced agility, Exceptional swordsmanship, Serpent-like combat style",Manga Chapter 45,Manga Chapter 205,"Tanjiro Kamado, Mitsuri Kanroji, Hashira",Demons,"Serious, Loyal, Disciplined, Protective",Akira Ishida,Billy Kametz,Supporting Protagonist
10,Sanemi Shinazugawa,Wind Hashira,Alive,Male,21,177 cm,69 kg,Human,Demon Slayer Corps,Genya Shinazugawa (younger brother),null,Hashira,Wind Breathing,null,Nichirin Sword,"Exceptional swordsmanship, High endurance, Superhuman agility",Manga Chapter 30,null,"Tanjiro Kamado, Hashira",Demons,"Hot-headed, Stubborn, Loyal, Protective",Toshihiko Seki,Bryce Papenbrook,Supporting Protagonist
11,Gyomei Himejima,Stone Hashira,Deceased,Male,25,208 cm,150 kg,Human,Demon Slayer Corps,null,null,Hashira,Stone Breathing,null,Spiked Flail & Ax Nichirin Weapon,"Exceptional strength, Enhanced perception, Tremendous combat skills",Manga Chapter 45,Manga Chapter 205,"Tanjiro Kamado, Hashira",Demons,"Gentle, Compassionate, Devout, Loyal",Hiroshi Shirokuma,Patrick Seitz,Supporting Protagonist
12,Muichiro Tokito,Mist Hashira,Deceased,Male,14,164 cm,50 kg,Human,Demon Slayer Corps,null,null,Hashira,Mist Breathing,null,Nichirin Sword,"Exceptional swordsmanship, Enhanced reflexes, High-speed combat",Manga Chapter 45,Manga Chapter 205,"Tanjiro Kamado, Hashira",Demons,"Calm, Forgetful, Detached, Innocent",Kensh≈ç Ono,Zach Aguilar,Supporting Protagonist
13,Shinobu Kocho,Insect Hashira,Deceased,Female,18,151 cm,41 kg,Human,Demon Slayer Corps,Kanae Kocho (older sister),null,Hashira,Insect Breathing,null,Nichirin Sword (Poison Edge),"Mastery of poison, Enhanced agility, Exceptional swordsmanship",Manga Chapter 23,Manga Chapter 201,"Tanjiro Kamado, Kanao Tsuyuri, Hashira",Demons,"Calm, Polite, Intelligent, Strategic",Saori Hayami,Brianna Knickerbocker,Supporting Protagonist
14,Kyojuro Rengoku,Flame Hashira,Deceased,Male,20,177 cm,72 kg,Human,Demon Slayer Corps,null,null,Hashira,Flame Breathing,null,Nichirin Sword,"Exceptional strength, Flame Breathing techniques, Exceptional combat skills",Manga Chapter 44,Manga Chapter 200,"Tanjiro Kamado, Hashira",Demons,"Passionate, Courageous, Kind, Determined",Satoshi Hino,Robert McCollum,Supporting Protagonist
15,Kanae Kocho,null,Deceased,Female,19,159 cm,45 kg,Human,Demon Slayer Corps,Shinobu Kocho (younger sister),null,Hashira,Flower Breathing,null,Nichirin Sword,"Exceptional swordsmanship, Healing knowledge, Tactical combat skills",Manga Chapter 23,Manga Chapter 201,"Tanjiro Kamado, Hashira",Demons,"Kind, Gentle, Compassionate, Strong-willed",Romi Park,Brianna Knickerbocker,Supporting Protagonist
16,Tengen Uzui,Sound Hashira,Alive,Male,21,198 cm,90 kg,Human,Demon Slayer Corps,null,null,Hashira,Sound Breathing,null,Dual Nichirin Cleavers & Chain Weapon,"Superhuman strength, Enhanced agility, Exceptional combat skills, Flashy techniques",Manga Chapter 57,null,"Tanjiro Kamado, Zenitsu Agatsuma, Inosuke Hashibira, Hashira",Demons,"Flashy, Confident, Loyal, Strategic",Junichi Suwabe,Jason Marnocha,Supporting Protagonist
17,Kagaya Ubuyashiki,Leader of Demon Slayer Corps,Deceased,Male,42,172 cm,58 kg,Human,Demon Slayer Corps,"Amane Ubuyashiki, Hinaki Ubuyashiki, Nichika Ubuyashiki, Kiriya Ubuyashiki, Kanata Ubuyashiki, Kuina Ubuyashiki",null,null,null,null,null,"Exceptional leadership, Strategic mind, Inspirational presence",Manga Chapter 44,Manga Chapter 205,"Hashira, Tanjiro Kamado, Nezuko Kamado","Muzan Kibutsuji, Demons","Kind, Calm, Wise, Compassionate",Takehito Koyasu,Ray Chase,Supporting Protagonist
18,Amane Ubuyashiki,null,Alive,Female,17,158 cm,48 kg,Human,Demon Slayer Corps,"Kagaya Ubuyashiki (father), Hinaki Ubuyashiki (sister), Nichika Ubuyashiki (sister), Kiriya Ubuyashiki (brother), Kanata Ubuyashiki (brother), Kuina Ubuyashiki (sister)",null,null,null,null,null,"Leadership support, Calm demeanor, Insightful",Manga Chapter 44,null,"Kagaya Ubuyashiki, Hashira, Tanjiro Kamado","Muzan Kibutsuji, Demons","Kind, Gentle, Caring, Calm",Nao Toyama,Erica Mendez,Supporting Protagonist
19,Hinaki Ubuyashiki,null,Alive,Female,19,160 cm,50 kg,Human,Demon Slayer Corps,"Kagaya Ubuyashiki (father), Amane Ubuyashiki (sister), Nichika Ubuyashiki (sister), Kiriya Ubuyashiki (brother), Kanata Ubuyashiki (brother), Kuina Ubuyashiki (sister)",null,null,null,null,null,"Supportive role, Insightful, Calm",Manga Chapter 44,null,"Kagaya Ubuyashiki, Hashira, Tanjiro Kamado","Muzan Kibutsuji, Demons","Kind, Gentle, Caring, Observant",Nao Toyama,Erica Mendez,Supporting Protagonist
20,Nichika Ubuyashiki,null,Alive,Female,15,155 cm,46 kg,Human,Demon Slayer Corps,"Kagaya Ubuyashiki (father), Amane Ubuyashiki (sister), Hinaki Ubuyashiki (sister), Kiriya Ubuyashiki (brother), Kanata Ubuyashiki (brother), Kuina Ubuyashiki (sister)",null,null,null,null,null,"Supportive role, Observant, Calm",Manga Chapter 44,null,"Kagaya Ubuyashiki, Hashira, Tanjiro Kamado","Muzan Kibutsuji, Demons","Kind, Gentle, Caring, Observant",Nao Toyama,Erica Mendez,Supporting Protagonist
21,Kiriya Ubuyashiki,null,Alive,Male,16,165 cm,52 kg,Human,Demon Slayer Corps,"Kagaya Ubuyashiki (father), Amane Ubuyashiki (sister), Hinaki Ubuyashiki (sister), Nichika Ubuyashiki (sister), Kanata Ubuyashiki (brother), Kuina Ubuyashiki (sister)",null,null,null,null,null,"Supportive role, Observant, Calm",Manga Chapter 44,null,"Kagaya Ubuyashiki, Hashira, Tanjiro Kamado","Muzan Kibutsuji, Demons","Kind, Gentle, Caring, Observant",Nao Toyama,Erica Mendez,Supporting Protagonist
22,Kanata Ubuyashiki,null,Alive,Male,14,150 cm,45 kg,Human,Demon Slayer Corps,"Kagaya Ubuyashiki (father), Amane Ubuyashiki (sister), Hinaki Ubuyashiki (sister), Nichika Ubuyashiki (sister), Kiriya Ubuyashiki (brother), Kuina Ubuyashiki (sister)",null,null,null,null,null,"Supportive role, Observant, Calm",Manga Chapter 44,null,"Kagaya Ubuyashiki, Hashira, Tanjiro Kamado","Muzan Kibutsuji, Demons","Kind, Gentle, Caring, Observant",Nao Toyama,Erica Mendez,Supporting Protagonist
23,Kuina Ubuyashiki,null,Alive,Female,12,145 cm,40 kg,Human,Demon Slayer Corps,"Kagaya Ubuyashiki (father), Amane Ubuyashiki (sister), Hinaki Ubuyashiki (sister), Nichika Ubuyashiki (sister), Kiriya Ubuyashiki (brother), Kanata Ubuyashiki (brother)",null,null,null,null,null,"Supportive role, Observant, Calm",Manga Chapter 44,null,"Kagaya Ubuyashiki, Hashira, Tanjiro Kamado","Muzan Kibutsuji, Demons","Kind, Gentle, Caring, Observant",Nao Toyama,Erica Mendez,Supporting Protagonist
24,Muzan Kibutsuji,Demon King,Deceased,Male,2000+,184 cm,75 kg,Demon,null,null,null,null,null,null,null,"Superhuman strength, Immortality, Regeneration, Blood Demon Art, Shapeshifting",Manga Chapter 1,Manga Chapter 205,null,"Demon Slayer Corps, Tanjiro Kamado, Hashira","Manipulative, Ruthless, Cunning, Charismatic",Toshihiko Seki,Todd Haberkorn,Antagonist
25,Tamayo,null,Alive,Female,100+,160 cm,50 kg,Demon (turned healer),null,null,null,null,null,null,null,"Healing, Medical expertise, Blood Demon Art, Strategic intelligence",Manga Chapter 19,Manga Chapter 205,"Yushiro, Tanjiro Kamado","Muzan Kibutsuji, Demons","Calm, Wise, Compassionate, Strategic",Yuki Kaida,Laura Stahl,Supporting Protagonist
26,Yushiro,null,Alive,Male,100+,158 cm,50 kg,Demon,null,Tamayo (mentor),Tamayo,null,null,null,null,"Blood Demon Art, Enhanced strength, Shapeshifting, Loyalty to Tamayo",Manga Chapter 19,Manga Chapter 205,Tamayo,"Muzan Kibutsuji, Demons","Loyal, Calm, Observant, Protective",Nobuhiko Okamoto,Michael Johnston,Supporting Protagonist
27,Kokushibo,Upper Rank One,Deceased,Male,500+,208 cm,93 kg,Demon,null,null,null,null,null,null,null,"Moon Breathing techniques, Immortality, Superhuman strength, Exceptional combat skills",Manga Chapter 66,Manga Chapter 203,null,"Demon Slayer Corps, Tanjiro Kamado","Prideful, Ruthless, Calm, Skilled",Tomokazu Sugita,Matthew Mercer,Antagonist
28,Doma,Upper Rank Two,Deceased,Male,136,195 cm,86 kg,Demon,null,null,null,null,null,null,null,"Ice Manipulation, Blood Demon Art, Immortality, Superhuman abilities",Manga Chapter 101,Manga Chapter 199,null,"Demon Slayer Corps, Tanjiro Kamado","Charismatic, Sadistic, Calm, Manipulative",Tomokazu Sugita,Zach Aguilar,Antagonist
29,Akaza,Upper Rank Three,Deceased,Male,20+,173 cm,74 kg,Demon,null,null,null,null,null,null,null,"Martial arts mastery, Superhuman strength, Regeneration, Blood Demon Art",Manga Chapter 66,Manga Chapter 198,null,"Demon Slayer Corps, Tanjiro Kamado","Prideful, Ruthless, Proud, Loyal to Muzan",Kensho Ono,Greg Chun,Antagonist
30,Hantengu,Upper Rank Four,Deceased,Male,200+,170 cm,null,Demon,null,null,null,null,null,null,null,"Blood Demon Art, Multiple clones with independent personalities, Superhuman abilities",Manga Chapter 102,Manga Chapter 198,null,"Demon Slayer Corps, Tanjiro Kamado","Cunning, Fearful of strong opponents, Calculative",K?ki Uchiyama,Zach Aguilar,Antagonist
31,Gyokko,Upper Rank Five,Deceased,Male,200+,180 cm,null,Demon,null,null,null,null,null,null,null,"Blood Demon Art, Creation of grotesque pots and monsters, Superhuman abilities",Manga Chapter 102,Manga Chapter 198,null,"Demon Slayer Corps, Tanjiro Kamado","Obsessive, Artistic, Cunning, Sadistic",Rikiya Koyama,Matthew Mercer,Antagonist
32,Gyutaro,Upper Rank Six,Deceased,Male,45,175 cm,60 kg,Demon,null,Daki (sister),null,null,null,null,null,"Blood Demon Art, Poisonous blades, Regeneration, Enhanced agility and strength",Manga Chapter 90,Manga Chapter 200,Daki,"Demon Slayer Corps, Tanjiro Kamado","Aggressive, Protective of sister, Sadistic, Ruthless",Takuya Eguchi,Zach Aguilar,Antagonist
33,Daki,Upper Rank Six,Deceased,Female,20+,172 cm,50 kg,Demon,null,Gyutaro (brother),null,null,null,null,null,"Blood Demon Art, Obi manipulation, Regeneration, Enhanced agility and speed",Manga Chapter 90,Manga Chapter 200,Gyutaro,"Demon Slayer Corps, Tanjiro Kamado","Arrogant, Prideful, Sadistic, Protective of brother",Akari Kito,Abby Trott,Antagonist
34,Enmu,Lower Rank One,Deceased,Male,200+,168 cm,62 kg,Demon,null,null,null,null,null,null,null,"Blood Demon Art, Sleep manipulation, Regeneration, Shapeshifting",Manga Chapter 82,Manga Chapter 105,null,"Demon Slayer Corps, Tanjiro Kamado","Cunning, Sadistic, Manipulative, Arrogant",Takahiro Sakurai,Zach Aguilar,Antagonist
35,Rokuro,null,Deceased,Male,15,160 cm,65 kg,Human,null,null,null,null,null,null,null,"Enhanced combat skills, Swordsmanship",Manga Chapter 5,Manga Chapter 7,null,Demons,"Courageous, Loyal, Determined",null,null,Supporting Character
36,Wakuraba,null,Deceased,Male,15,158 cm,null,Human,null,null,null,null,null,null,null,"Basic swordsmanship, Enhanced reflexes",Manga Chapter 5,Manga Chapter 7,null,Demons,"Brave, Loyal, Determined",null,null,Supporting Character
37,Mukago,null,Deceased,Male,14,155 cm,null,Human,null,null,null,null,null,null,null,"Basic sword skills, Agility",Manga Chapter 6,Manga Chapter 7,null,Demons,"Loyal, Brave, Determined",null,null,Supporting Character
38,Rui,Lower Rank Five,Deceased,Male,14,157 cm,45 kg,Demon,null,null,null,null,null,null,null,"Blood Demon Art, Spider Thread manipulation, Superhuman strength and regeneration",Manga Chapter 19,Manga Chapter 25,null,"Demon Slayer Corps, Tanjiro Kamado","Cold, Arrogant, Proud, Emotionally conflicted",Natsuki Hanae,Zach Aguilar,Antagonist
39,Kamanue,null,Deceased,Male,15,160 cm,null,Human,null,null,null,null,null,null,null,"Basic swordsmanship, Agility",Manga Chapter 6,Manga Chapter 8,null,Demons,"Loyal, Brave, Determined",null,null,Supporting Character
40,Kyogai,Drum Demon,Deceased,Male,22,180 cm,70 kg,Demon,null,null,null,null,null,null,null,"Blood Demon Art, Manipulation of drums to attack, Superhuman strength and speed",Manga Chapter 15,Manga Chapter 20,null,"Demon Slayer Corps, Tanjiro Kamado","Aggressive, Easily angered, Proud",Shin-ichiro Miki,Todd Haberkorn,Antagonist
41,Sabito,null,Deceased,Male,13,160 cm,72 kg,Human,null,null,Sakonji Urokodaki,null,null,null,null,"Exceptional swordsmanship, Mastery of Water Breathing",Manga Chapter 7,Manga Chapter 15,Makomo,Demons,"Serious, Disciplined, Determined",K?ki Uchiyama,Zach Aguilar,Supporting Character
42,Makomo,null,Deceased,Female,13,158 cm,null,Human,null,null,Sakonji Urokodaki,null,null,null,null,"Exceptional swordsmanship, Mastery of Water Breathing",Manga Chapter 7,Manga Chapter 15,Sabito,Demons,"Kind, Gentle, Loyal",Nao Toyama,Brianna Knickerbocker,Supporting Character
43,Aoi Kanzaki,null,Alive,Female,16,158 cm,45 kg,Human,Demon Slayer Corps,null,null,null,null,null,null,"Healing skills, Support in missions, Agility",Manga Chapter 8,Manga Chapter 54,"Tanjiro Kamado, Nezuko Kamado",Demons,"Kind, Caring, Responsible",Nao Toyama,Brianna Knickerbocker,Supporting Character
44,Sumi Nakahara,null,Alive,Female,16,157 cm,44 kg,Human,Demon Slayer Corps,null,null,null,null,null,null,"Support skills, Assists in missions, Agility",Manga Chapter 8,Manga Chapter 54,"Tanjiro Kamado, Nezuko Kamado, Aoi Kanzaki",Demons,"Cheerful, Supportive, Loyal",Nao Toyama,Brianna Knickerbocker,Supporting Character
45,Kiyo Terauchi,null,Alive,Female,17,160 cm,48 kg,Human,Demon Slayer Corps,null,null,null,null,null,null,"Support and supply skills, Medical aid, Agility",Manga Chapter 10,Manga Chapter 54,"Tanjiro Kamado, Nezuko Kamado, Aoi Kanzaki",Demons,"Kind, Helpful, Responsible",null,null,Supporting Character
46,Naho Takada,null,Alive,Female,17,159 cm,47 kg,Human,Demon Slayer Corps,null,null,null,null,null,null,"Support and supply skills, Healing assistance",Manga Chapter 10,Manga Chapter 54,"Tanjiro Kamado, Nezuko Kamado, Aoi Kanzaki",Demons,"Gentle, Supportive, Loyal",null,null,Supporting Character
47,Goto,null,Alive,Male,18,172 cm,60 kg,Human,Demon Slayer Corps,null,null,null,null,null,null,"Support in missions, Agility, Combat assistance",Manga Chapter 12,Manga Chapter 54,"Tanjiro Kamado, Nezuko Kamado, Aoi Kanzaki",Demons,"Calm, Responsible, Supportive",null,null,Supporting Character
48,Masao Maeda,null,Alive,Male,16,165 cm,55 kg,Human,Demon Slayer Corps,null,null,null,null,null,null,"Support and supply, Agility, Minor combat skills",Manga Chapter 12,Manga Chapter 54,"Tanjiro Kamado, Nezuko Kamado, Aoi Kanzaki",Demons,"Helpful, Loyal, Cheerful",null,null,Supporting Character
49,Hotaru Haganezuka,null,Alive,Male,37,170 cm,70 kg,Human,null,null,null,null,null,null,null,"Master swordsmith, Forging and repairing Nichirin swords, Passionate craftsmanship",Manga Chapter 2,Manga Chapter 54,"Tanjiro Kamado, Demon Slayer Corps",null,"Hot-headed, Loyal, Passionate",null,null,Supporting Character
50,Kozo Kanamori,null,Alive,Male,26,168 cm,65 kg,Human,Demon Slayer Corps,null,null,null,null,null,null,"Support and logistics for missions, Resource management",Manga Chapter 4,Manga Chapter 54,"Tanjiro Kamado, Demon Slayer Corps",Demons,"Responsible, Calm, Efficient",null,null,Supporting Character
51,Tecchin Tecchikawahara,null,Alive,Male,25,167 cm,64 kg,Human,Demon Slayer Corps,null,null,null,null,null,null,"Support skills, Logistics, Assisting Demon Slayers",Manga Chapter 4,Manga Chapter 54,"Tanjiro Kamado, Demon Slayer Corps",Demons,"Energetic, Loyal, Helpful",null,null,Supporting Character
52,Kotetsu,null,Alive,Male,10,168 cm,63 kg,Human,Demon Slayer Corps,null,null,null,null,null,null,"Support in missions, Tracking demons, Combat assistance",Manga Chapter 4,Manga Chapter 54,"Tanjiro Kamado, Demon Slayer Corps",Demons,"Calm, Loyal, Observant",null,null,Supporting Character
53,Tetsumotonaka,null,Alive,Male,null,169 cm,65 kg,Human,Demon Slayer Corps,null,null,null,null,null,null,"Mission support, Agility, Combat assistance",Manga Chapter 4,Manga Chapter 54,"Tanjiro Kamado, Demon Slayer Corps",Demons,"Loyal, Calm, Responsible",null,null,Supporting Character
54,Tetsuido,null,Alive,Male,null,170 cm,66 kg,Human,Demon Slayer Corps,null,null,null,null,null,null,"Support in logistics, Combat assistance, Agility",Manga Chapter 4,Manga Chapter 54,"Tanjiro Kamado, Demon Slayer Corps",Demons,"Reliable, Loyal, Observant",null,null,Supporting Character
55,Takeuchi,null,Alive,Male,28,168 cm,64 kg,Human,Demon Slayer Corps,null,null,null,null,null,null,"Support skills, Assisting in missions, Combat aid",Manga Chapter 4,Manga Chapter 54,"Tanjiro Kamado, Demon Slayer Corps",Demons,"Loyal, Calm, Observant",null,null,Supporting Character
56,Nagakura,null,Alive,Male,null,171 cm,67 kg,Human,Demon Slayer Corps,null,null,null,null,null,null,"Mission support, Combat assistance, Agility",Manga Chapter 4,Manga Chapter 54,"Tanjiro Kamado, Demon Slayer Corps",Demons,"Loyal, Observant, Responsible",null,null,Supporting Character
57,Ozaki,null,Alive,Male,21,169 cm,65 kg,Human,Demon Slayer Corps,null,null,null,null,null,null,"Support in missions, Combat assistance, Tracking demons",Manga Chapter 4,Manga Chapter 54,"Tanjiro Kamado, Demon Slayer Corps",Demons,"Loyal, Calm, Observant",null,null,Supporting Character
58,Murata,null,Alive,Male,21,172 cm,68 kg,Human,Demon Slayer Corps,null,null,null,null,null,null,"Support in missions, Combat assistance, Agility",Manga Chapter 4,Manga Chapter 54,"Tanjiro Kamado, Demon Slayer Corps",Demons,"Loyal, Observant, Calm",null,null,Supporting Character
59,Yoriichi Tsugikuni,null,Deceased,Male,110+,178 cm,65 kg,Human,null,null,null,null,Sun Breathing,null,Nichirin Sword,"Exceptional swordsmanship, Demon Slayer Mark, Immense strength",Manga Chapter 16,Manga Chapter 200,null,Muzan Kibutsuji,"Calm, Focused, Determined",null,null,Legendary Protagonist
60,Michikatsu Tsugikuni,Kokushibo,Deceased,Male,110+,180 cm,70 kg,Demon,null,null,null,Upper Rank One,Moon Breathing,null,Nichirin Sword,"Immense strength, Demon abilities, Moon Breathing techniques",Manga Chapter 17,Manga Chapter 200,null,"Demon Slayer Corps, Yoriichi Tsugikuni","Prideful, Obsessed, Determined",null,null,Antagonist
61,Kaburamaru,null,Alive,Male,null,null,null,Animal (Ninja Dog),Demon Slayer Corps,null,Yoriichi Tsugikuni,null,null,null,null,"Tracking, Assisting in combat, Alert system",Manga Chapter 16,Manga Chapter 200,Yoriichi Tsugikuni,Demons,"Loyal, Alert, Brave",null,null,Supporting Animal
62,Kotoha Hashibira,null,Deceased,Female,null,164 cm,null,Human,null,null,null,null,null,null,null,"Supportive, Caring, Protective of family",Manga Chapter 1,Manga Chapter 1,Inosuke Hashibira,null,"Kind, Loving, Supportive",null,null,Supporting Character
63,Sakonji Urokodaki,null,Deceased,Male,80+,175 cm,70 kg,Human,Demon Slayer Corps,null,null,null,Water Breathing,null,Nichirin Sword,"Expert in Water Breathing, Teaching skills, Combat experience",Manga Chapter 1,Manga Chapter 54,"Tanjiro Kamado, Other Students",Demons,"Wise, Strict, Caring, Patient",null,null,Supporting Mentor
64,Jigoro Kuwajima,null,Deceased,Male,80+,178 cm,72 kg,Human,Demon Slayer Corps,null,null,null,Thunder Breathing,null,Nichirin Sword,"Mastery of Thunder Breathing, Combat expertise",Manga Chapter 21,Manga Chapter 68,"Zenitsu Agatsuma, Other Students",Demons,"Strict, Kind, Wise",null,null,Supporting Mentor
65,Shinjuro Rengoku,null,Deceased,Male,50+,185 cm,85 kg,Human,Demon Slayer Corps,null,null,null,Flame Breathing,null,Nichirin Sword,"Flame Breathing mastery, Exceptional combat skills",Manga Chapter 54,Manga Chapter 71,"Kyojuro Rengoku, Demon Slayer Corps",Demons,"Strict, Temperamental, Caring",null,null,Supporting Character
66,Ruka Rengoku,null,Alive,Female,null,160 cm,50 kg,Human,null,null,null,null,null,null,null,"Supportive, Caring, Nurturing",Manga Chapter 54,Manga Chapter 71,"Kyojuro Rengoku, Shinjuro Rengoku",null,"Kind, Gentle, Protective",null,null,Supporting Character
67,Senjuro Rengoku,null,Alive,Male,15,155 cm,48 kg,Human,null,Rengoku Family,null,null,null,null,null,"Observation skills, Quick learner, Supportive",Manga Chapter 54,Manga Chapter 71,"Kyojuro Rengoku, Ruka Rengoku",null,"Curious, Gentle, Caring",null,null,Supporting Character
68,Kie Kamado,null,Deceased,Female,null,160 cm,50 kg,Human,null,Kamado Family,null,null,null,null,null,"Caring, Protective, Nurturing",Manga Chapter 1,Manga Chapter 1,"Tanjiro Kamado, Nezuko Kamado, Other Family Members",null,"Kind, Gentle, Loving",null,null,Supporting Character
69,Hanako Kamado,null,Deceased,Female,null,150 cm,45 kg,Human,null,Kamado Family,null,null,null,null,null,"Caring, Supportive, Protective",Manga Chapter 1,Manga Chapter 1,"Tanjiro Kamado, Nezuko Kamado, Other Family Members",null,"Kind, Gentle, Loving",null,null,Supporting Character
70,Shigeru Kamado,null,Deceased,Male,null,165 cm,60 kg,Human,null,Kamado Family,Sakonji Urokodaki,null,null,null,null,"Protective, Caring, Supportive",Manga Chapter 1,Manga Chapter 1,"Tanjiro Kamado, Nezuko Kamado, Other Family Members",null,"Kind, Gentle, Responsible",null,null,Supporting Character
71,Takeo Kamado,null,Deceased,Male,10,168 cm,62 kg,Human,null,Kamado Family,null,null,null,null,null,"Caring, Protective, Supportive",Manga Chapter 1,Manga Chapter 1,"Tanjiro Kamado, Nezuko Kamado, Other Family Members",null,"Kind, Gentle, Responsible",null,null,Supporting Character
72,Rokuta Kamado,null,Deceased,Male,3,150 cm,40 kg,Human,null,Kamado Family,null,null,null,null,null,"Caring, Supportive, Playful",Manga Chapter 1,Manga Chapter 1,"Tanjiro Kamado, Nezuko Kamado, Other Family Members",null,"Kind, Gentle, Innocent",null,null,Supporting Character
73,Sumiyoshi,null,Alive,Male,25,175 cm,65 kg,Human,Demon Slayer Corps,null,null,null,null,null,null,"Stealth, Support in missions, Observation",Manga Chapter 54,Manga Chapter 100,Demon Slayer Corps Members,Demons,"Loyal, Observant, Calm",null,null,Supporting Character
74,Suyako,null,Alive,Female,23,160 cm,50 kg,Human,Demon Slayer Corps,null,null,null,null,null,null,"Support in missions, Healing, Observation",Manga Chapter 54,Manga Chapter 100,Demon Slayer Corps Members,Demons,"Kind, Caring, Observant",null,null,Supporting Character
75,Sumire,null,Alive,Female,17,158 cm,48 kg,Human,Demon Slayer Corps,null,null,null,null,null,null,"Support, Observation, Combat Assistance",Manga Chapter 60,Manga Chapter 102,Demon Slayer Corps Members,Demons,"Cheerful, Supportive, Brave",null,null,Supporting Character
76,Yahaba,null,Deceased,Male,null,175 cm,68 kg,Demon,null,null,null,Upper Rank Five,null,Blood Demon Art,null,"Arrow manipulation, Superhuman abilities",Manga Chapter 102,Manga Chapter 197,"Upper Rank Six (Nakime), Daki, Gyutaro",Demon Slayer Corps,"Aggressive, Loyal to Muzan, Strategic",null,null,Antagonist
77,Susamaru,null,Deceased,Female,null,160 cm,48 kg,Demon,null,null,null,null,null,Ball Demon Art,null,"Superhuman strength, Ball throwing attacks",Manga Chapter 57,Manga Chapter 57,"Enmu, Other Lower-Rank Demons",Demon Slayer Corps,"Aggressive, Playful, Loyal to Muzan",null,null,Antagonist
78,Spider Mother,null,Deceased,Female,50,180 cm,70 kg,Demon,null,null,null,null,null,Spider Demon Art,null,"Web manipulation, Superhuman strength",Manga Chapter 80,Manga Chapter 84,Spider Demon Family,Demon Slayer Corps,"Manipulative, Cruel, Obsessive",null,null,Antagonist
79,Spider Father,null,Deceased,Male,54,190 cm,80 kg,Demon,null,null,null,null,null,Spider Demon Art,null,"Web manipulation, Superhuman strength",Manga Chapter 80,Manga Chapter 84,Spider Demon Family,Demon Slayer Corps,"Manipulative, Cruel, Obsessive",null,null,Antagonist
80,Spider Sister,null,Deceased,Female,16,170 cm,55 kg,Demon,null,null,null,null,null,Spider Demon Art,null,"Web manipulation, Agility, Superhuman strength",Manga Chapter 80,Manga Chapter 84,Spider Demon Family,Demon Slayer Corps,"Cruel, Cunning, Loyal to Spider Father",null,null,Antagonist
81,Spider Brother,null,Deceased,Male,33,185 cm,75 kg,Demon,null,null,null,null,null,Spider Demon Art,null,"Web manipulation, Agility, Superhuman strength",Manga Chapter 80,Manga Chapter 84,Spider Demon Family,Demon Slayer Corps,"Cruel, Loyal, Cunning",null,null,Antagonist
